email,hw-01a,hw-01b,hw-02,hw-03,hw-04,hw-05,hw-06,hw-piperider,project-01,project-02,total
,,,,,,,,,,,
f4d8ea9549ada13483c122cb792d176672040681,9.0,2.0,14.0,15.0,13.0,14.0,10.0,7.0,53.0,0.0,137.0
727988f8a5004b1cbdd7e17990fe96553f41be05,8.0,2.0,13.0,14.0,13.0,14.0,8.0,7.0,0.0,55.0,134.0
ce7184efd2ca8b68b956a1a996a7f335d20eeefd,8.0,2.0,14.0,15.0,13.0,14.0,10.0,0.0,0.0,55.0,131.0
636d3fa0090cfd4b22aeb4f3e7fe431274a2d6e8,14.0,2.0,14.0,14.0,13.0,14.0,10.0,0.0,0.0,48.0,129.0
f195960cbe1c5d7123005c36a4f8cbd9315e4a23,7.0,2.0,14.0,15.0,13.0,14.0,0.0,7.0,0.0,54.0,126.0
1eb5e0f2ada39d3b764a6e63d1915b3cfddffb83,8.0,2.0,8.0,8.0,7.0,8.0,3.0,0.0,39.0,37.0,120.0
3b4f201e6a1c3b2566008c66556608cb9a32e7c8,7.0,2.0,12.0,15.0,12.0,14.0,0.0,0.0,0.0,52.0,114.0
8f7803c2429475be44bf39e5f3b89b6fede17240,8.0,2.0,8.0,8.0,7.0,8.0,3.0,0.0,35.0,34.0,113.0
e5dc14bef66a24181f85f6e2399005c75842e01e,8.0,0.0,13.0,13.0,10.0,14.0,3.0,7.0,44.0,0.0,112.0
acefbcffee893a9f9aac392088ec27845ab84322,9.0,2.0,11.0,11.0,10.0,11.0,5.0,6.0,47.0,0.0,112.0
dfb7f9d02fd37ab31357dc9953360e0cf3baf8a6,7.0,1.0,8.0,10.0,8.0,12.0,7.0,5.0,40.0,0.0,98.0
6efd52c58c08b54cc5c8d24ee177b900ed5e9860,6.0,2.0,10.0,11.0,11.0,13.0,9.0,0.0,36.0,0.0,98.0
d2c581083d5f0d84b6312e613f84c8d2b60c944c,6.0,1.0,7.0,9.0,7.0,8.0,9.0,0.0,46.0,0.0,93.0
ff752c71673fba28347e705cc17edabfeac3fec9,0.0,0.0,7.0,11.0,12.0,13.0,8.0,6.0,0.0,35.0,92.0
0ac2b48ea91ec555b3a53887a6237b0acaad7b90,5.0,0.0,6.0,5.0,5.0,6.0,2.0,0.0,27.0,35.0,91.0
37ee242cc0136ec47502c8e5af75086a2e9a239b,8.0,2.0,8.0,9.0,7.0,8.0,4.0,5.0,39.0,0.0,90.0
b180b6728137ad17acca059b09351126c10e48e4,6.0,1.0,10.0,8.0,9.0,8.0,1.0,0.0,42.0,0.0,85.0
a0d7986399040bf82c865a13081e0fb87cd11ca1,8.0,2.0,13.0,15.0,13.0,14.0,11.0,7.0,0.0,0.0,83.0
3dd622575278dc0c0bc69633204769873127df43,7.0,2.0,9.0,9.0,8.0,8.0,3.0,3.0,0.0,34.0,83.0
8d83a4576392cf1a2452c4b9f6ffae8b47a7eb2a,7.0,2.0,7.0,8.0,7.0,7.0,5.0,4.0,35.0,0.0,82.0
2c03147686d3670e5a5769514edb070ce0d11bca,9.0,1.0,8.0,9.0,7.0,8.0,3.0,0.0,37.0,0.0,82.0
5a6723f02fd571b03134b6285c163c8ea61be0c2,8.0,2.0,6.0,7.0,5.0,6.0,0.0,0.0,17.0,30.0,81.0
d4e8942672831760bfc9b6bbf3c03503d3d27a31,6.0,2.0,8.0,8.0,7.0,9.0,1.0,0.0,0.0,39.0,80.0
b7f0de0abc18688fbe66987150815b5479d833b9,7.0,2.0,7.0,9.0,5.0,8.0,5.0,0.0,0.0,37.0,80.0
40d118c54729fae7ebe0a435275b29016d6466e2,7.0,2.0,8.0,10.0,8.0,9.0,3.0,0.0,33.0,0.0,80.0
b184fdb2324b73c04b78379e31221b2a5cc0544a,7.0,1.0,9.0,9.0,7.0,8.0,7.0,0.0,31.0,0.0,79.0
615482d0f6efd840d7788756caeb1237486dcd4e,7.0,2.0,7.0,7.0,7.0,7.0,4.0,0.0,0.0,38.0,79.0
12f101a34e32fc4e76040ad0be477392035c43cb,7.0,2.0,7.0,8.0,6.0,7.0,3.0,0.0,39.0,0.0,79.0
b5d4cde2160818cc9e1e0e1dddb11806a030c9bb,7.0,2.0,8.0,8.0,7.0,7.0,3.0,0.0,36.0,0.0,78.0
88f4369efa78b1998caafefb8f20bd471fe1f247,8.0,2.0,6.0,8.0,5.0,8.0,3.0,2.0,0.0,36.0,78.0
fbd7c94e3b9ad8a87aeac6839d98fb1de8e53a6e,13.0,2.0,13.0,15.0,13.0,14.0,7.0,0.0,0.0,0.0,77.0
f4bda9b645bae336697691c0c20820d10f0e78a3,6.0,1.0,7.0,8.0,6.0,6.0,4.0,3.0,35.0,0.0,76.0
e1d296199e03e910558f2ffe1a346d237203bd4b,7.0,2.0,7.0,8.0,6.0,7.0,4.0,0.0,0.0,35.0,76.0
e5aa496257a2d86cd19775d6348218f523d0edcf,5.0,2.0,7.0,7.0,6.0,7.0,2.0,0.0,39.0,0.0,75.0
a20fdb7b2c001ac9cf14de72f7b388b2df82d132,7.0,2.0,8.0,8.0,0.0,7.0,3.0,5.0,0.0,35.0,75.0
94c2eee7b8c4c8f1a7990fd68cea4db19e4a2d5c,8.0,2.0,8.0,8.0,6.0,8.0,0.0,0.0,35.0,0.0,75.0
63a38f627c2a07915a4d2ac4be0e04aec5fa6244,7.0,2.0,6.0,8.0,6.0,7.0,2.0,0.0,37.0,0.0,75.0
b62cbf5ce3d5a2abc08526e7c30f738ab756a539,7.0,1.0,8.0,9.0,7.0,8.0,2.0,0.0,32.0,0.0,74.0
7e188d6b8be7dd9e5e587968802a527f206772d4,6.0,2.0,7.0,6.0,6.0,7.0,3.0,0.0,37.0,0.0,74.0
3cf547ec7e26305be0460ffe5438ca82a86fbb6e,7.0,2.0,7.0,7.0,6.0,7.0,0.0,0.0,38.0,0.0,74.0
2656fe31b339288ac8ab955afb68c99c7c7ff411,7.0,2.0,7.0,8.0,6.0,7.0,3.0,0.0,34.0,0.0,74.0
e221600fcf3e6b662fb50cf97d71e4ab34ff07ca,7.0,1.0,7.0,8.0,6.0,7.0,3.0,0.0,34.0,0.0,73.0
a3f4cee8f3698c28a18e4dabfb01b4c9fc35d3ef,6.0,1.0,7.0,8.0,6.0,7.0,0.0,4.0,34.0,0.0,73.0
9f1000a7780bd9ab99b76dcbda4f8867ec293ba9,7.0,1.0,6.0,7.0,5.0,7.0,5.0,0.0,35.0,0.0,73.0
4f0aef03e57ae8092ade0caba8dd9f3347827983,7.0,2.0,7.0,8.0,6.0,7.0,0.0,0.0,36.0,0.0,73.0
0e128afdb5ba48c479cb72d26574064129cfa239,6.0,2.0,8.0,8.0,5.0,8.0,3.0,0.0,33.0,0.0,73.0
08afe7c4abef321c2f6b56f308057de1e9935d48,7.0,1.0,7.0,7.0,5.0,7.0,2.0,3.0,34.0,0.0,73.0
8212a834c6d334576a2f9bf6b769e354c2a3bf4a,8.0,2.0,8.0,7.0,5.0,6.0,0.0,0.0,0.0,36.0,72.0
6a40f4caa9ee5677c5e39854eccf7fd413bd0579,7.0,2.0,7.0,8.0,6.0,7.0,5.0,0.0,0.0,30.0,72.0
3fd8023f4997e99ab567cde71568be812e16198a,6.0,1.0,6.0,6.0,5.0,5.0,3.0,3.0,0.0,37.0,72.0
083886ec72f4de0839bcbe1902cc3f1bd82d19c7,7.0,2.0,7.0,7.0,5.0,8.0,2.0,0.0,34.0,0.0,72.0
edc4ab4ba8a4797eb23b59c7867214ad27def783,6.0,2.0,8.0,9.0,0.0,0.0,0.0,0.0,46.0,0.0,71.0
c7ab5e9ef3f1c435394f5b00fbc0bf711eaa4161,6.0,1.0,6.0,7.0,5.0,6.0,2.0,3.0,35.0,0.0,71.0
95b11d856bde7bed1fae0bbcb51f31425f582970,7.0,2.0,9.0,10.0,8.0,0.0,0.0,0.0,0.0,35.0,71.0
9131cd9a26c57fe56d52106040bac361e0841af0,8.0,2.0,7.0,8.0,5.0,6.0,0.0,0.0,0.0,35.0,71.0
87d1019f6cbb97cf5c523159b53fc2e2c9bf0665,7.0,2.0,7.0,8.0,3.0,7.0,2.0,0.0,0.0,35.0,71.0
49ef6959eae65ce2cc6aa584f8ee6145c36dd1ce,6.0,1.0,6.0,7.0,5.0,6.0,2.0,3.0,35.0,0.0,71.0
21f32d7cc911a730d4154142f2b8ed7e7dc75c30,7.0,2.0,7.0,8.0,6.0,6.0,5.0,0.0,0.0,30.0,71.0
efad5ebe2d041459809540ca27558b40a69d282b,6.0,2.0,6.0,7.0,5.0,6.0,3.0,0.0,0.0,35.0,70.0
d5f4ecef26257503a87edca286049c50e2435679,7.0,1.0,7.0,8.0,6.0,7.0,0.0,0.0,34.0,0.0,70.0
d27bf500dfebabc789418dd48720574cdba18912,6.0,1.0,6.0,7.0,5.0,6.0,4.0,0.0,35.0,0.0,70.0
bf8a778f079569540add58b2496b296af67f012e,6.0,2.0,7.0,8.0,5.0,7.0,3.0,0.0,0.0,32.0,70.0
ba9ce29359714ef007371d3c4c8cf80b1802f136,7.0,2.0,7.0,9.0,7.0,8.0,0.0,0.0,0.0,30.0,70.0
9b0856c626727337ef40298ac00024d60deb63fd,6.0,0.0,7.0,7.0,5.0,6.0,4.0,0.0,35.0,0.0,70.0
33fc9f10885d18ffab7850a9c622a3601eb1022f,7.0,2.0,7.0,8.0,6.0,7.0,3.0,0.0,0.0,30.0,70.0
1a2cddc803b39d8cb4194854d85cd54f7940ccac,6.0,2.0,7.0,6.0,7.0,6.0,0.0,0.0,36.0,0.0,70.0
b86d6092e3fabf48397845af1b3a87d7427552ae,7.0,1.0,6.0,7.0,5.0,6.0,2.0,0.0,35.0,0.0,69.0
8263eef22abb777f33288883749144a6802cd587,7.0,2.0,6.0,7.0,4.0,6.0,2.0,0.0,35.0,0.0,69.0
5821eab389ba8b2fa645d78b00b885985b42650f,6.0,2.0,7.0,8.0,6.0,7.0,0.0,0.0,0.0,33.0,69.0
16ab24c6ad9344169f9ae1ab8a874ce84722194a,6.0,1.0,6.0,7.0,4.0,6.0,1.0,3.0,35.0,0.0,69.0
06b91fe2a3e5285f00905632cce9ce4e403706c9,6.0,1.0,7.0,7.0,5.0,6.0,4.0,0.0,0.0,33.0,69.0
fe88e5615d3f891f11378da8840b7b7eeca72a6e,6.0,1.0,6.0,7.0,5.0,6.0,3.0,0.0,34.0,0.0,68.0
96c2b04dcd0c52e751548116662f0ad633b24d05,6.0,1.0,6.0,7.0,5.0,6.0,2.0,0.0,0.0,35.0,68.0
7a9c4843b864186b0fecd33b5aa20d868b254151,6.0,1.0,7.0,8.0,5.0,6.0,1.0,0.0,0.0,34.0,68.0
5c0cda3061edb4312b3ec339784e32a1fda176a0,7.0,2.0,14.0,13.0,13.0,13.0,0.0,6.0,0.0,0.0,68.0
1cc979990e18c9295ac99bfba9d0a286fb6e88ae,6.0,1.0,6.0,7.0,5.0,6.0,4.0,0.0,0.0,33.0,68.0
066286802cfa8296bf20a6ddb91316554594dcec,6.0,1.0,6.0,7.0,5.0,6.0,1.0,0.0,0.0,36.0,68.0
eb2bbc1450b8c9ef48faaa406fc901a1fc36199d,5.0,1.0,6.0,7.0,5.0,6.0,1.0,0.0,36.0,0.0,67.0
c7511f0c88b62a7b46cd58abf71334f7b0cd3906,8.0,2.0,0.0,0.0,0.0,12.0,8.0,0.0,0.0,37.0,67.0
8f25870b2571cfd073f0f23cea43d90f33363a52,5.0,1.0,6.0,7.0,5.0,6.0,2.0,0.0,0.0,35.0,67.0
69a9a47ebbb38c8e927c232e459eae2e53f2b38c,6.0,0.0,6.0,7.0,5.0,5.0,0.0,3.0,35.0,0.0,67.0
61cd303727fa624f59bc52f0ba4f1fb19ceaa840,7.0,1.0,7.0,8.0,4.0,5.0,2.0,4.0,0.0,29.0,67.0
5559dd3677d7dbcc5d5e5525487c67ff322a2936,7.0,2.0,7.0,8.0,6.0,7.0,0.0,0.0,30.0,0.0,67.0
0e55e54e83d5387ffebf46661e050f757daa1b3e,6.0,1.0,6.0,6.0,5.0,6.0,1.0,3.0,0.0,33.0,67.0
acac61ea0077b8f63bd866816db28f757559d442,5.0,0.0,3.0,0.0,0.0,0.0,0.0,0.0,30.0,28.0,66.0
95973cd6c47742b3d2537cdb2299ad2d4a769971,6.0,1.0,6.0,7.0,5.0,6.0,3.0,0.0,0.0,32.0,66.0
4c6170801a71f799b11957cc57343187cfd66e48,5.0,1.0,6.0,7.0,5.0,6.0,1.0,0.0,35.0,0.0,66.0
384dd00dd53c5fa77641c7dcee34981f021b35a1,7.0,2.0,6.0,7.0,4.0,6.0,0.0,3.0,31.0,0.0,66.0
285a4b398445d5840904555c6cf19218760fd761,6.0,1.0,6.0,6.0,5.0,6.0,0.0,0.0,36.0,0.0,66.0
16aea08464754dae66e1dbb1b70e1fcfd79b42a1,6.0,1.0,6.0,7.0,5.0,6.0,3.0,0.0,0.0,32.0,66.0
e9079f5211f675c72e44a0937b3494e3c8757246,5.0,1.0,6.0,7.0,5.0,6.0,0.0,0.0,0.0,35.0,65.0
b7d59ab9e2200049c876fd5c6bbadf67bf1b81f7,5.0,1.0,6.0,7.0,5.0,6.0,0.0,0.0,35.0,0.0,65.0
9ddb5fabae7f004444bc3268d8b18098736a46ac,6.0,1.0,6.0,7.0,3.0,6.0,0.0,0.0,0.0,36.0,65.0
9c7f31eb19bf3cca2704d34bfe49a1a2b93c9520,6.0,1.0,6.0,6.0,5.0,6.0,0.0,0.0,35.0,0.0,65.0
79aca85dde7db91509293e0ee92f483fd9075f0d,6.0,1.0,7.0,7.0,5.0,6.0,2.0,0.0,0.0,31.0,65.0
73a6356db72fa4f00633911a096d34c3df031ce0,7.0,2.0,7.0,7.0,6.0,0.0,0.0,0.0,0.0,36.0,65.0
5d0c35c5be5ea552f992a95d3a81146505c805e8,6.0,1.0,6.0,6.0,5.0,6.0,0.0,0.0,35.0,0.0,65.0
57e1d0cefcf91f5a5186f347dc6fd4fc4629a578,6.0,1.0,6.0,7.0,5.0,6.0,1.0,0.0,33.0,0.0,65.0
299a703f95054510e0a09d1e7ba1db6615502f7a,6.0,0.0,6.0,7.0,5.0,6.0,2.0,0.0,0.0,33.0,65.0
edeb1ca05c3ff047e92d8eeef5f367a9a1cf4af0,6.0,1.0,6.0,7.0,5.0,6.0,0.0,0.0,0.0,33.0,64.0
ba7ac3cb3defb32736bcbb6795ff287ca6cf6175,6.0,1.0,8.0,7.0,0.0,6.0,2.0,0.0,0.0,34.0,64.0
b0c70b6063afa75c02e2f37b259993b74b0d9e3d,7.0,1.0,7.0,8.0,0.0,6.0,0.0,0.0,35.0,0.0,64.0
aee20bcd299e21285f74f7b5f9a6d45ff12dd6ad,6.0,1.0,5.0,6.0,5.0,7.0,3.0,0.0,31.0,0.0,64.0
986ec48ebffd23b019de155631d7b512084a4e6c,6.0,0.0,4.0,6.0,5.0,6.0,0.0,0.0,0.0,37.0,64.0
85a26c712f9ab06fc0fcd58fe4898a8960eab928,6.0,1.0,7.0,7.0,2.0,6.0,0.0,0.0,35.0,0.0,64.0
61057b0854c8300014c5c91f933c0c44e0368cda,6.0,0.0,6.0,7.0,5.0,5.0,2.0,0.0,33.0,0.0,64.0
3b6328d75f688ddccbf30b84b6ce61ad2e437ac5,5.0,1.0,6.0,7.0,5.0,6.0,1.0,0.0,33.0,0.0,64.0
24c6c3fab503c7f1bd35fdbe1bf0a1b6ac4a1983,8.0,1.0,7.0,5.0,7.0,0.0,0.0,1.0,0.0,35.0,64.0
e453d0a66db617b72b7b543672a55dfb6527a096,7.0,1.0,7.0,7.0,5.0,6.0,0.0,0.0,0.0,30.0,63.0
e12eb9a5b04b2603ca55e7622dd1860760ef1885,7.0,2.0,8.0,8.0,6.0,0.0,0.0,0.0,32.0,0.0,63.0
84dbfa0982e1ac3562abf62038ed2a70be6a060a,7.0,1.0,6.0,7.0,3.0,6.0,0.0,0.0,33.0,0.0,63.0
81ab574038345df801bd14dc96722f87daabcfe9,7.0,2.0,7.0,8.0,5.0,0.0,0.0,0.0,0.0,34.0,63.0
6d1e25e3c55981cd9264b1a5cf2c7eb5f3173d68,5.0,1.0,4.0,7.0,7.0,7.0,0.0,0.0,0.0,32.0,63.0
cc85604e55c34bbee345968137e6f722aabeca96,3.0,1.0,4.0,7.0,4.0,6.0,0.0,0.0,37.0,0.0,62.0
af9987acc1dd1a43512a327131f0a0bf8ed73c54,6.0,1.0,6.0,7.0,4.0,6.0,0.0,0.0,32.0,0.0,62.0
a9a61c3f132a1c35395f9a9603ebf3444ab3b0f9,6.0,0.0,7.0,7.0,3.0,7.0,0.0,0.0,0.0,32.0,62.0
9dacab9fd3a0309f073f6d11c315c39a967eb2eb,6.0,0.0,4.0,7.0,1.0,6.0,0.0,3.0,35.0,0.0,62.0
8e618e24da7422642f217ffaf8fa25a7dfab8ad6,7.0,1.0,7.0,8.0,13.0,14.0,12.0,0.0,0.0,0.0,62.0
71a9af3f32aaaa8c7d0223b6531e4dd634d2b6e0,6.0,1.0,6.0,7.0,5.0,6.0,0.0,0.0,31.0,0.0,62.0
6bc8e7d737e5edf5c2f503ea81f66f2033dbe670,6.0,1.0,6.0,7.0,5.0,6.0,3.0,0.0,0.0,28.0,62.0
54d6989da2272b8539a54d15bb9fbfc257113d33,7.0,2.0,7.0,8.0,0.0,8.0,0.0,0.0,0.0,30.0,62.0
41e4918881ef4a4ca5548d740172f7c9c192c7f3,7.0,2.0,7.0,8.0,2.0,4.0,2.0,0.0,30.0,0.0,62.0
27112d216a98f6393e6e0243a507458c3eda6fcf,5.0,1.0,7.0,6.0,5.0,6.0,0.0,0.0,0.0,32.0,62.0
22f539b6d94bd7721fd57f28cdedcbe8ee8034da,6.0,1.0,7.0,8.0,6.0,7.0,1.0,0.0,26.0,0.0,62.0
113fcb0fa5ecca6606c3c266d9061a1254b1cd7a,5.0,1.0,6.0,6.0,5.0,6.0,2.0,0.0,31.0,0.0,62.0
f98acb695689096fa611c7540d100a1e0edb19e6,5.0,1.0,7.0,6.0,0.0,6.0,0.0,0.0,0.0,36.0,61.0
dc863270a8a9be9bc48a79fd50742dc8b99337bb,6.0,0.0,6.0,6.0,4.0,6.0,0.0,0.0,0.0,33.0,61.0
ae8356b7a603a635dadd8450f5368e91ee38946e,7.0,2.0,7.0,8.0,0.0,7.0,0.0,0.0,0.0,30.0,61.0
a400d69bf93fc00020d0e31f1ebade00fb9679d7,6.0,1.0,6.0,7.0,5.0,6.0,2.0,0.0,28.0,0.0,61.0
69bb291089a6f84e2bc4cf0f42812bff07b27451,8.0,2.0,14.0,15.0,12.0,0.0,10.0,0.0,0.0,0.0,61.0
3b209cb4eef515f980421f011cc4e0caabae4e55,0.0,0.0,7.0,6.0,5.0,6.0,0.0,3.0,34.0,0.0,61.0
14d1e00bc2ade81e6de3c0200aeb9e51a4917bf6,7.0,2.0,5.0,6.0,2.0,6.0,0.0,0.0,33.0,0.0,61.0
f0e54607edc30810459bcfd5c95c3623cd2ea4b6,6.0,1.0,6.0,7.0,3.0,6.0,0.0,0.0,0.0,31.0,60.0
cbfa322d555de1bde5f140164183d5348c62e6ae,8.0,2.0,8.0,7.0,0.0,0.0,0.0,0.0,35.0,0.0,60.0
a4867307d2b8d3ccaa318f3cd4651aca50cb55d5,6.0,1.0,6.0,7.0,5.0,6.0,1.0,0.0,0.0,28.0,60.0
a210642a4b9a5f67999dd7e5d97fab82a66b7f29,0.0,0.0,6.0,7.0,5.0,6.0,3.0,3.0,0.0,30.0,60.0
a181e8d4aba784250b215ec0e0bc7670a8bb91c1,6.0,1.0,0.0,7.0,5.0,6.0,2.0,0.0,33.0,0.0,60.0
6fba797643b5c1329a2e2920fa3e32801377d5ec,6.0,0.0,6.0,7.0,5.0,6.0,0.0,0.0,0.0,30.0,60.0
5a03d11b6b966105ba2fd0b56d91d90506671adc,6.0,1.0,6.0,7.0,5.0,6.0,0.0,0.0,29.0,0.0,60.0
59b5a0ab1ba8064b77e4fc78a8337031519921b6,6.0,1.0,6.0,6.0,5.0,6.0,3.0,0.0,0.0,27.0,60.0
22d1adc611b52926ec09509e69e17a267262ac2d,6.0,1.0,6.0,7.0,5.0,6.0,2.0,0.0,27.0,0.0,60.0
1193feeb512d3661238534c10e57a1529131d2af,6.0,1.0,6.0,7.0,5.0,0.0,0.0,0.0,0.0,35.0,60.0
b096698a22a49e438e5a6111496c57715244114f,6.0,1.0,6.0,6.0,4.0,6.0,1.0,0.0,29.0,0.0,59.0
aa92834ac421ebb5d450fada441b589a3b33c364,7.0,0.0,5.0,8.0,0.0,0.0,2.0,0.0,37.0,0.0,59.0
7dfb019bc41ef96895ac33e047181db65a2978df,5.0,0.0,6.0,5.0,5.0,6.0,1.0,0.0,0.0,31.0,59.0
6cec3a0f4a6c4466c724fd0a3be3acfe4f839cec,6.0,1.0,6.0,7.0,5.0,6.0,2.0,3.0,23.0,0.0,59.0
38481d20bd50485e4807c3835979b94c374a0069,6.0,0.0,7.0,7.0,0.0,6.0,0.0,0.0,33.0,0.0,59.0
ef1c653e7c6af58a4c7e09dece7633bb73b5db27,7.0,2.0,7.0,0.0,0.0,7.0,0.0,0.0,0.0,35.0,58.0
d7d737680cb715a4fc0db2959913d561973793ad,6.0,1.0,6.0,7.0,5.0,6.0,0.0,0.0,27.0,0.0,58.0
b152ab2c41019e6c0893b3d35913ed8fdabe6b77,7.0,2.0,7.0,7.0,0.0,0.0,0.0,0.0,0.0,35.0,58.0
22083e1df1562815cbadba0995504692f207556e,0.0,0.0,6.0,6.0,5.0,6.0,2.0,0.0,0.0,33.0,58.0
1fb661fe4aedc89c031c488a041b0a809bac7642,5.0,1.0,3.0,7.0,5.0,6.0,0.0,0.0,31.0,0.0,58.0
1dd2d9013b7d61d39e321468c484466786c5f881,7.0,1.0,0.0,7.0,0.0,6.0,0.0,0.0,0.0,37.0,58.0
fb40292c3b515729872a6a477880e8058ce86f8e,7.0,2.0,4.0,6.0,4.0,6.0,0.0,0.0,28.0,0.0,57.0
935390c7bdb00d40c4fe9331e68ffe1617e239e8,6.0,1.0,6.0,6.0,5.0,6.0,0.0,0.0,27.0,0.0,57.0
904bc356e11eb6cd742083145601ccb320d3bb55,6.0,1.0,6.0,7.0,6.0,7.0,0.0,0.0,0.0,24.0,57.0
2f25917e0fcf5c7eaa59a78286eb4948b9e7d1aa,8.0,1.0,7.0,7.0,0.0,0.0,0.0,0.0,34.0,0.0,57.0
1db7c49751bf43302f91d1222c03e26044d060d9,7.0,2.0,7.0,0.0,0.0,7.0,0.0,0.0,0.0,34.0,57.0
1bc510d3fdb8e14f5fd4aa28acd74d0d95225420,7.0,2.0,7.0,8.0,0.0,0.0,0.0,0.0,33.0,0.0,57.0
d6bff240a8a416fa81018c4469c7fc8b1f544d24,9.0,2.0,6.0,7.0,0.0,0.0,0.0,0.0,0.0,32.0,56.0
d29f38f52659f8b9f2264c30d312cf12295787a3,6.0,2.0,6.0,6.0,0.0,0.0,0.0,0.0,36.0,0.0,56.0
9ceaa8d4c33c56601503d6ecbb84c6b8e96cfe9e,8.0,2.0,9.0,11.0,10.0,12.0,4.0,0.0,0.0,0.0,56.0
703850c61b92c5332bf7ce6dcf4162a4cc8061b6,7.0,1.0,6.0,7.0,4.0,0.0,0.0,0.0,0.0,31.0,56.0
3e23644c3b93d2eb561ffd8214adf1c63bbf6995,5.0,0.0,6.0,7.0,0.0,0.0,0.0,0.0,38.0,0.0,56.0
b6b5a3a7ca0dd3cd9748a777578f27436e712377,9.0,1.0,10.0,11.0,9.0,10.0,5.0,0.0,0.0,0.0,55.0
8c02e20fb1b3a8da7bfae513b4cd82a2cf7b68b8,7.0,1.0,6.0,7.0,3.0,0.0,0.0,0.0,31.0,0.0,55.0
77b26e75f72bf2f0311b984b4c5e4e88ef6798c0,6.0,1.0,6.0,7.0,0.0,0.0,0.0,0.0,35.0,0.0,55.0
45065dab54e27bda8455c8a95d5784d951202ed4,6.0,1.0,6.0,7.0,0.0,0.0,0.0,0.0,35.0,0.0,55.0
3dcbee31145385f605923e9288ec9cab03aa9bbf,0.0,0.0,7.0,8.0,6.0,0.0,0.0,0.0,0.0,34.0,55.0
3cf77b8d03202861f0aaa6c52749592799e67262,3.0,1.0,5.0,5.0,0.0,6.0,0.0,0.0,35.0,0.0,55.0
2cf05ec94c46c2bf01217b7a9c298aed0490b767,7.0,0.0,7.0,7.0,5.0,7.0,0.0,0.0,0.0,22.0,55.0
0070fa1b1c5f97e64e28354f4cb19d228aef3c35,7.0,2.0,4.0,8.0,5.0,6.0,0.0,0.0,0.0,23.0,55.0
f0218d24e286631ef68fbf207bef7857546c691a,6.0,1.0,6.0,6.0,3.0,5.0,0.0,0.0,27.0,0.0,54.0
ce6b965c61f558f93a198fcf610a3c640c1ff4b1,6.0,1.0,6.0,7.0,0.0,0.0,0.0,0.0,34.0,0.0,54.0
a6d15b9edc8052467783700fb90238b9916701f6,6.0,1.0,6.0,5.0,5.0,6.0,0.0,0.0,25.0,0.0,54.0
2880170e665c003473738641d170d8e3f09122c9,5.0,1.0,6.0,7.0,0.0,0.0,0.0,0.0,0.0,35.0,54.0
fddccf2a8ccfda2b7aee869f136d71a226dbcfe8,5.0,1.0,5.0,6.0,0.0,0.0,0.0,0.0,0.0,36.0,53.0
e63da133ca1a6fd755a05879667a9e8d42473b9f,4.0,1.0,6.0,8.0,2.0,0.0,0.0,0.0,0.0,32.0,53.0
a9c1e8f505ba534e63f3a2e44fee6093c709c77c,5.0,1.0,6.0,5.0,5.0,6.0,0.0,0.0,25.0,0.0,53.0
8c00d7daf4f064b1471f92db4354cee97e0b8d18,6.0,1.0,9.0,11.0,9.0,14.0,3.0,0.0,0.0,0.0,53.0
86624a5ee02d96bdb86c27d2b0d0248c614ce4f7,6.0,2.0,5.0,0.0,0.0,7.0,0.0,0.0,33.0,0.0,53.0
7d770591541ed4c4968cd16e9d479ddbcabbe589,6.0,1.0,5.0,6.0,0.0,6.0,1.0,0.0,28.0,0.0,53.0
11cd6245b1b3c779d8a61daf60d8e503c22a61e8,0.0,0.0,2.0,7.0,4.0,5.0,0.0,0.0,0.0,35.0,53.0
9ce9100bda780e85eca408d5d109ffd5da8963b5,6.0,1.0,7.0,7.0,3.0,6.0,0.0,0.0,0.0,22.0,52.0
42a584cb000efbe969dc0432c6223d904b9eb0dd,6.0,0.0,5.0,7.0,0.0,5.0,1.0,0.0,28.0,0.0,52.0
f448d518be48447d44c8622461c7f78310d8c27c,3.0,0.0,0.0,7.0,0.0,6.0,0.0,0.0,35.0,0.0,51.0
7a79c2b6cabdf43ae76d620b797edf1dc2e3eebe,8.0,2.0,5.0,0.0,0.0,6.0,0.0,0.0,0.0,30.0,51.0
7fea92935cdc05fb70a63826f41b62bf790828a2,5.0,0.0,7.0,7.0,3.0,6.0,0.0,0.0,0.0,22.0,50.0
457cfb8b0e0dbee61ddc7fd2873d6afe2989f23d,8.0,2.0,8.0,9.0,8.0,9.0,6.0,0.0,0.0,0.0,50.0
f3586401a35faa62c3ee9c0c88d3b68aac5e3b5d,0.0,0.0,0.0,6.0,5.0,6.0,0.0,0.0,0.0,32.0,49.0
87c2ba785cf9f0246e178f78d6dd95f6978ad69b,7.0,0.0,6.0,0.0,0.0,0.0,0.0,0.0,0.0,36.0,49.0
fa679275d25ab416ff7c9515ed93cae39a208efe,0.0,1.0,7.0,6.0,0.0,0.0,0.0,0.0,0.0,34.0,48.0
f251db7236d9fd8a54a732d2870716d46eafb8d4,8.0,2.0,8.0,11.0,7.0,8.0,3.0,0.0,0.0,0.0,47.0
a8dc444b85fbc2b8324287c657ebb6b5a4d8cf4f,6.0,1.0,3.0,6.0,4.0,0.0,0.0,0.0,26.0,0.0,46.0
83dfbddb0d35b96d49c9fcc0442f37eb3f4a7d19,8.0,2.0,8.0,9.0,7.0,8.0,3.0,0.0,0.0,0.0,45.0
49c26a4774a99f0775aea77e3e34742fed76bce2,9.0,2.0,10.0,8.0,7.0,9.0,0.0,0.0,0.0,0.0,45.0
431789f881cde1e2b78fbc3efcbdf27522c21767,0.0,0.0,6.0,0.0,4.0,0.0,0.0,0.0,0.0,35.0,45.0
06c771e251ff56ecc54eb340c539c542174d71a2,8.0,2.0,0.0,0.0,0.0,0.0,0.0,0.0,35.0,0.0,45.0
d42547a15fc4d729c2f116231d22e28016a048ae,11.0,2.0,8.0,12.0,0.0,11.0,0.0,0.0,0.0,0.0,44.0
69d854cc189ae822ed8de99cff28e9b98e97772e,8.0,2.0,8.0,8.0,7.0,8.0,3.0,0.0,0.0,0.0,44.0
997b187f3da2fadab5bd9860d3923ba483042dce,8.0,2.0,7.0,7.0,7.0,8.0,4.0,0.0,0.0,0.0,43.0
33895bfc211da2c395dcfc0e220791732a2c4979,9.0,2.0,11.0,7.0,7.0,7.0,0.0,0.0,0.0,0.0,43.0
2d1f668c4bee1fb08cd5b0a886367c8f5635e000,6.0,1.0,6.0,0.0,0.0,0.0,0.0,0.0,0.0,30.0,43.0
fd8d3eefec1f79e3d021b448deadfed0fcd0672f,7.0,2.0,7.0,8.0,6.0,7.0,5.0,0.0,0.0,0.0,42.0
f3b4e8fc3baf7cd2b03364d223a3df5d429ca883,0.0,0.0,0.0,0.0,0.0,0.0,0.0,0.0,0.0,42.0,42.0
ee4ccf5067225f4ddbf8ee7c7c0e07ba38b9c88b,0.0,0.0,0.0,0.0,0.0,0.0,0.0,0.0,0.0,42.0,42.0
b25ec84f9c1377da31f345c57786206075349b8e,0.0,0.0,0.0,7.0,0.0,6.0,0.0,0.0,29.0,0.0,42.0
9635a4a6ba963e2d090c4cf4951a59ad8b8d0301,7.0,2.0,7.0,8.0,7.0,9.0,2.0,0.0,0.0,0.0,42.0
71e1a7593e51c4d1bc83b319051f53a524dc1327,7.0,1.0,0.0,0.0,0.0,0.0,0.0,0.0,34.0,0.0,42.0
67a9f63c2cb94059c7799980394c029027c64476,7.0,2.0,7.0,8.0,5.0,8.0,1.0,4.0,0.0,0.0,42.0
2c295a026ba0b67ee54c0d762ffd27c89584e00b,7.0,2.0,7.0,8.0,6.0,7.0,5.0,0.0,0.0,0.0,42.0
f05bcfc10b2babbc25ae8136b0e657005a770c42,0.0,0.0,0.0,7.0,5.0,6.0,0.0,0.0,23.0,0.0,41.0
b8b48cdda086322536c5d991eebb6f55ca1481c6,7.0,2.0,8.0,10.0,8.0,0.0,0.0,6.0,0.0,0.0,41.0
a3567d891af0d041d0283e6ff1a45eea17973837,7.0,2.0,8.0,10.0,6.0,8.0,0.0,0.0,0.0,0.0,41.0
8e628fc081e2ef6cf5bee3b4d97fbd67efad75d2,6.0,0.0,0.0,0.0,0.0,0.0,0.0,0.0,0.0,35.0,41.0
876aa034d48fbe88c093dd1d51b7547860b73357,6.0,0.0,0.0,0.0,0.0,0.0,0.0,0.0,0.0,35.0,41.0
85d3fa02d30cdf4c9cee25763f87b0a8642977e1,8.0,2.0,8.0,8.0,7.0,8.0,0.0,0.0,0.0,0.0,41.0
6029676896b63fd4b4a844b5dba2e849ac4b5ffb,7.0,2.0,7.0,10.0,5.0,8.0,2.0,0.0,0.0,0.0,41.0
dfc22517b8863620115de3392d6fa7698019c548,6.0,2.0,5.0,8.0,6.0,7.0,2.0,4.0,0.0,0.0,40.0
c279052efd1f523403952e7fcdb70e7e8beaf280,7.0,0.0,0.0,0.0,0.0,0.0,0.0,0.0,0.0,33.0,40.0
8750f9e0187c688a6e0f9fee19511c9e16da3651,6.0,2.0,8.0,8.0,7.0,9.0,0.0,0.0,0.0,0.0,40.0
5df206bd50fc20ab82edca3da06987e34b88be33,8.0,1.0,8.0,8.0,6.0,7.0,2.0,0.0,0.0,0.0,40.0
225df367dcdca73371410d43cc5cf5ac89993d32,7.0,2.0,7.0,8.0,6.0,7.0,3.0,0.0,0.0,0.0,40.0
f16a366f2ba8c525df5c1dfe3f422930dc2cc676,6.0,0.0,7.0,8.0,6.0,7.0,5.0,0.0,0.0,0.0,39.0
d713c9a6119bd14569408a17633cacbceae1c3f4,6.0,1.0,7.0,9.0,6.0,7.0,3.0,0.0,0.0,0.0,39.0
b8365fe32b5fd14e0ce229ac0aa73fb637e09904,7.0,1.0,7.0,8.0,6.0,7.0,3.0,0.0,0.0,0.0,39.0
b18c4f7041588d12fe39f21248be3c4d54d7311b,6.0,0.0,0.0,0.0,0.0,0.0,0.0,0.0,0.0,33.0,39.0
a33c1962896e849b7d1ef1700e821e3b26320647,0.0,0.0,0.0,0.0,0.0,0.0,0.0,0.0,0.0,39.0,39.0
9fbdc97b08eb953ebdb36d1bc6c5f3d308137f9f,6.0,1.0,7.0,8.0,6.0,7.0,4.0,0.0,0.0,0.0,39.0
4919ebb30f59ac61f6e2aa900fd599fa41bee26e,6.0,1.0,0.0,0.0,0.0,0.0,0.0,0.0,32.0,0.0,39.0
ef189d315d5688d84a9b55c2979129a68209564a,6.0,0.0,7.0,8.0,5.0,7.0,5.0,0.0,0.0,0.0,38.0
bf95d29cd74aa3ab15cf63466787a8c7604de97c,7.0,2.0,7.0,8.0,5.0,7.0,2.0,0.0,0.0,0.0,38.0
6d01e91e86b027ef327aea010ac96bbaf6d241b2,0.0,0.0,0.0,0.0,0.0,0.0,0.0,0.0,0.0,38.0,38.0
64d4138688a3865253b9accd5e77511087a25d92,7.0,2.0,8.0,8.0,6.0,7.0,0.0,0.0,0.0,0.0,38.0
5adee8d45a20ee30cbdd7efb131f670647a6d1bc,7.0,2.0,7.0,7.0,6.0,8.0,1.0,0.0,0.0,0.0,38.0
53c4ede1532fc043231bbe753a7aa828de3ef737,7.0,2.0,7.0,8.0,6.0,8.0,0.0,0.0,0.0,0.0,38.0
0b9f700d40896703f133501caf49a65d4e2a0462,7.0,2.0,7.0,7.0,5.0,7.0,0.0,3.0,0.0,0.0,38.0
e217f84ee155fb6ee2cb7279f6768946a794b51f,8.0,2.0,8.0,9.0,0.0,8.0,2.0,0.0,0.0,0.0,37.0
de184c9b9e898b3f441cf1acc835a99ac25d754e,7.0,2.0,7.0,8.0,6.0,7.0,0.0,0.0,0.0,0.0,37.0
b45f2368c253906db5e97c25736c5845aac2cf7a,7.0,2.0,7.0,8.0,4.0,7.0,2.0,0.0,0.0,0.0,37.0
a242c569e25eccee09c09747bfa7c0e91a210375,8.0,2.0,7.0,8.0,6.0,6.0,0.0,0.0,0.0,0.0,37.0
9eb994b86a8ac5bf5cae6f181c06662274f4b356,7.0,0.0,0.0,0.0,0.0,0.0,0.0,0.0,0.0,30.0,37.0
9581ee3bdbadb031fc62bfd65219b52993933059,6.0,2.0,0.0,0.0,0.0,0.0,0.0,0.0,0.0,29.0,37.0
6c9dc59674307e58666ebc18993b17909d718996,7.0,2.0,6.0,7.0,6.0,6.0,3.0,0.0,0.0,0.0,37.0
36704038d88701abd88292375de2f0eb87d6d20c,6.0,1.0,6.0,7.0,5.0,6.0,3.0,3.0,0.0,0.0,37.0
30920818a4306d58dba5fdb351fc33f19c61d12b,7.0,2.0,7.0,8.0,6.0,7.0,0.0,0.0,0.0,0.0,37.0
0b6efd03a0eb280468ecbe6f72d3ddb9db60f415,7.0,2.0,8.0,6.0,7.0,7.0,0.0,0.0,0.0,0.0,37.0
d52ce856f369ea47fd6e3469fdb1ad424750690e,0.0,0.0,0.0,0.0,0.0,0.0,0.0,0.0,36.0,0.0,36.0
b8be34c5edd9a7704d7222b7bc66a39b145a325b,0.0,0.0,0.0,0.0,0.0,0.0,0.0,0.0,36.0,0.0,36.0
b8585e51e12e3afb108d1fe66b614a63df7fabb8,5.0,1.0,12.0,10.0,0.0,6.0,2.0,0.0,0.0,0.0,36.0
9ac1e209dca456a90c294450e338d0a1fd7c461a,7.0,2.0,7.0,7.0,6.0,7.0,0.0,0.0,0.0,0.0,36.0
9666e2076ee613b9b5eddf98d4312da6b02c5bdd,0.0,0.0,0.0,0.0,0.0,0.0,0.0,0.0,0.0,36.0,36.0
954b032d1e43c3cae4944317ff0bc6817c5f159b,6.0,1.0,6.0,7.0,5.0,6.0,2.0,3.0,0.0,0.0,36.0
4387aa6a90b3a891e5d0e89b803c81cfdbf1ba7e,0.0,0.0,0.0,0.0,0.0,0.0,0.0,0.0,36.0,0.0,36.0
2f9a52f4f58253f5a4ab2ada68110e43f1f01bd5,7.0,2.0,7.0,7.0,6.0,7.0,0.0,0.0,0.0,0.0,36.0
2522c3c2aa2f2dfc1845a628d7bc38e935008cf7,6.0,1.0,6.0,7.0,5.0,6.0,2.0,3.0,0.0,0.0,36.0
01683ca29d71cdad92f86ad8ec718dbb47d582fc,6.0,2.0,7.0,8.0,5.0,6.0,2.0,0.0,0.0,0.0,36.0
fb88e2b8316b357df5a9fdfd66362ec8c5d1ef68,0.0,0.0,0.0,0.0,0.0,0.0,0.0,0.0,0.0,35.0,35.0
e36a54ee848226e8cc9f3751b6f7c54855b1d8b1,6.0,1.0,6.0,7.0,5.0,6.0,4.0,0.0,0.0,0.0,35.0
e12ad93068c6e56bfd3da781febb49a17b0d5833,5.0,1.0,0.0,0.0,0.0,0.0,0.0,0.0,29.0,0.0,35.0
d276cb415b8f47879648bb6d2afe18147d029490,0.0,0.0,0.0,5.0,0.0,0.0,0.0,0.0,30.0,0.0,35.0
cd6bdb0b60b5247fab68b779e64dca500d7d8261,5.0,1.0,0.0,0.0,0.0,0.0,0.0,0.0,29.0,0.0,35.0
b401663fad954d777996704ca911178876d9b58f,6.0,1.0,0.0,0.0,0.0,0.0,0.0,0.0,0.0,28.0,35.0
979d53c98fcb1e726e686efbd52ae81f32ec85cc,0.0,0.0,0.0,0.0,0.0,0.0,0.0,0.0,0.0,35.0,35.0
68195db97285a880084aabcb48e8bd68ae722459,0.0,0.0,0.0,0.0,0.0,0.0,0.0,0.0,0.0,35.0,35.0
5d40dc141a1a70883551f506ae1990b6f386122c,0.0,0.0,0.0,0.0,0.0,0.0,0.0,0.0,35.0,0.0,35.0
4477e16422a7dd4a5fe20f3f0e81735b8462c61e,0.0,0.0,0.0,0.0,0.0,4.0,0.0,0.0,31.0,0.0,35.0
376b7c08242b5748373344def8533d8633a8632f,6.0,0.0,0.0,0.0,0.0,0.0,0.0,0.0,29.0,0.0,35.0
2920a0e8435e512fb14795ddf5c7cb3c926b90eb,6.0,1.0,6.0,7.0,5.0,6.0,0.0,4.0,0.0,0.0,35.0
138fe733505851f60aa9ce10a34e34c1edd90b50,0.0,0.0,0.0,0.0,0.0,0.0,0.0,0.0,35.0,0.0,35.0
eb854dd99d23b7e024e4bf76acf3f7d20cab41e8,0.0,0.0,0.0,0.0,0.0,0.0,0.0,0.0,0.0,34.0,34.0
e219c827723c25860e0811c0213cbe7d285d4e2a,8.0,2.0,6.0,7.0,5.0,6.0,0.0,0.0,0.0,0.0,34.0
bf162d6d9876b8bfb71a85c8279827754eb2977e,0.0,0.0,0.0,0.0,0.0,0.0,0.0,0.0,0.0,34.0,34.0
adca3d4e1ae46c660881bd4398525a34dd451378,6.0,1.0,6.0,7.0,4.0,6.0,4.0,0.0,0.0,0.0,34.0
97f9d0ad0587739def889c6e2295b0a20432743b,6.0,0.0,0.0,0.0,0.0,0.0,0.0,0.0,0.0,28.0,34.0
77db1569e70e123150dade528826c750a243777d,6.0,1.0,6.0,7.0,5.0,6.0,3.0,0.0,0.0,0.0,34.0
1ded918376ab51d806d6236c6e37f68b407e88ee,9.0,2.0,12.0,11.0,0.0,0.0,0.0,0.0,0.0,0.0,34.0
11215c585c6a731b946498bc4f2260f38f90b3a3,0.0,0.0,0.0,0.0,0.0,0.0,0.0,0.0,0.0,34.0,34.0
f730725c33081cd492ab7baf780e8d1bed821f5a,7.0,2.0,8.0,9.0,7.0,0.0,0.0,0.0,0.0,0.0,33.0
f234fee90ed30670985d95ed2aeb89e8ae468eb6,0.0,0.0,0.0,0.0,0.0,0.0,0.0,0.0,0.0,33.0,33.0
f1e1077e1a7f98c8e4fc1c31845260d38f3d8392,6.0,1.0,5.0,7.0,5.0,6.0,3.0,0.0,0.0,0.0,33.0
ea8fbf2ebb061f9c220826358127147e2ec65590,6.0,1.0,6.0,7.0,6.0,6.0,1.0,0.0,0.0,0.0,33.0
e8262828c39061e4c1c9072303de082ee51b31b0,0.0,0.0,0.0,0.0,0.0,0.0,0.0,0.0,33.0,0.0,33.0
d5e085f271e37a2e7629dbb9d9d98a3a068c7ff6,0.0,0.0,0.0,0.0,0.0,0.0,0.0,0.0,0.0,33.0,33.0
8cf9a934dbcf8f36122736e5e1127145c876b3b1,0.0,0.0,0.0,0.0,0.0,0.0,0.0,0.0,0.0,33.0,33.0
7c6683fce78d56f6a4f86ed67b82bedaf26db8e6,0.0,0.0,0.0,0.0,0.0,0.0,0.0,0.0,0.0,33.0,33.0
75990c320d61e78958e3d4c559b31155106f51d2,6.0,1.0,7.0,6.0,6.0,6.0,1.0,0.0,0.0,0.0,33.0
5cc7639b17973540e0ded87659c5a1e45ddfc2ac,0.0,0.0,0.0,0.0,0.0,0.0,0.0,0.0,0.0,33.0,33.0
218267984e4ebc76d1038727cf14874be058718e,0.0,0.0,0.0,0.0,0.0,0.0,0.0,0.0,0.0,33.0,33.0
10eee6db0d16be4e024d96b8f33760398bc38677,6.0,1.0,6.0,7.0,5.0,6.0,2.0,0.0,0.0,0.0,33.0
fd654a2be1718c395feefd9fe7861897d5d25c0a,6.0,1.0,6.0,7.0,6.0,6.0,0.0,0.0,0.0,0.0,32.0
f4aaabcd992d5ebd825ea366675d66d1b1e0bb59,6.0,0.0,6.0,7.0,5.0,6.0,2.0,0.0,0.0,0.0,32.0
e37cb31904880e5585eb1b8477d9d9fead20b592,6.0,1.0,6.0,7.0,4.0,6.0,2.0,0.0,0.0,0.0,32.0
e04ad3c6403cab3a4f74693101e976984188d799,7.0,1.0,7.0,6.0,5.0,6.0,0.0,0.0,0.0,0.0,32.0
dc4cae2d0b4a8b831b318e09d71215134039409b,8.0,2.0,8.0,8.0,6.0,0.0,0.0,0.0,0.0,0.0,32.0
c7a51efca07da2797dd2da7930e0d094ecfe5c5f,0.0,0.0,0.0,0.0,0.0,0.0,0.0,0.0,0.0,32.0,32.0
c365d9de160b411b581cf0a6fc8c2c1882e156bd,0.0,0.0,0.0,0.0,0.0,0.0,0.0,0.0,0.0,32.0,32.0
bf9cc04144ae945a3122ba0b2ffce17ac25311a9,0.0,0.0,0.0,0.0,0.0,0.0,0.0,0.0,32.0,0.0,32.0
beaff15fa742d105cb335db2d1b60499b1dc445b,0.0,0.0,0.0,0.0,0.0,0.0,0.0,0.0,0.0,32.0,32.0
a3670a6f3eb7603fff4b948e16138ff422853c7b,0.0,0.0,0.0,0.0,0.0,0.0,0.0,0.0,0.0,32.0,32.0
9c9f5291cd009160fc517defb36ab30389d9cfc0,0.0,0.0,0.0,0.0,0.0,0.0,0.0,0.0,32.0,0.0,32.0
961942e66264ea70608bcdbe9db2aace26cde683,6.0,1.0,6.0,7.0,4.0,6.0,2.0,0.0,0.0,0.0,32.0
8d44fc327bc7be5084aef58a50e8ab4eb8289113,0.0,0.0,0.0,0.0,0.0,0.0,0.0,0.0,0.0,32.0,32.0
77c1a0ff8524544a57fdaf26b18f92a434e85b86,5.0,1.0,0.0,0.0,0.0,0.0,0.0,0.0,26.0,0.0,32.0
4f2b4335e85ae0957a3ec52e2b38480404a4c92e,0.0,0.0,0.0,0.0,0.0,0.0,0.0,0.0,32.0,0.0,32.0
462e950f0086a729052ea5c0fe0ddd843fcec182,6.0,1.0,6.0,7.0,5.0,6.0,1.0,0.0,0.0,0.0,32.0
17f03d6dd855125fa6366cea9ea6e534d026d76e,0.0,0.0,0.0,0.0,0.0,0.0,0.0,0.0,32.0,0.0,32.0
0d2a4c21d13bfed95db2e4854f4b09cd6f4c4118,0.0,0.0,0.0,0.0,0.0,0.0,0.0,0.0,32.0,0.0,32.0
d6208aec24602e08e88733635c81e53949905e11,6.0,1.0,6.0,7.0,5.0,6.0,0.0,0.0,0.0,0.0,31.0
ce4f244b700e96c0f03894e100d13474d7cbcc70,6.0,1.0,6.0,7.0,5.0,6.0,0.0,0.0,0.0,0.0,31.0
cdffaa7bd6d3c83f8429b940a5652d99e442494f,0.0,0.0,0.0,0.0,0.0,0.0,0.0,0.0,31.0,0.0,31.0
c70e9c9df7c14f55bee85cd6a888f5d2dfb38578,6.0,1.0,6.0,7.0,5.0,6.0,0.0,0.0,0.0,0.0,31.0
c4d81e76ebe1d981aa714e32adf6419a204c98cc,7.0,1.0,6.0,6.0,5.0,6.0,0.0,0.0,0.0,0.0,31.0
b4549eaf9d27158e2daec45ad0c87af6c60b9359,6.0,1.0,6.0,7.0,5.0,6.0,0.0,0.0,0.0,0.0,31.0
a1969e74e9cdcf2f168203649f73050d52a25e9c,0.0,0.0,0.0,0.0,0.0,0.0,0.0,0.0,31.0,0.0,31.0
9eaf790c776477e94b634801597e2aa6afae41f1,6.0,1.0,6.0,7.0,5.0,6.0,0.0,0.0,0.0,0.0,31.0
91e3bcbd1f5f913550cd6a0b0e226a44c92f6622,6.0,1.0,6.0,7.0,5.0,6.0,0.0,0.0,0.0,0.0,31.0
8da423043929acf6fb64c724985385a878150598,6.0,1.0,6.0,7.0,5.0,6.0,0.0,0.0,0.0,0.0,31.0
8d12aae0cad9e8a89079fadf7b1b4bd5b70ed8a1,6.0,1.0,6.0,7.0,5.0,6.0,0.0,0.0,0.0,0.0,31.0
7dec5eb73794f381aceeafdf73e488736bd68b88,0.0,0.0,0.0,0.0,0.0,0.0,0.0,0.0,0.0,31.0,31.0
607d5184a087658ff5f64dc23698a7853197ed3a,0.0,0.0,0.0,0.0,0.0,0.0,0.0,0.0,0.0,31.0,31.0
526034ca3db4d0742eac80388fb196a87fa6d6a7,8.0,2.0,7.0,0.0,5.0,7.0,2.0,0.0,0.0,0.0,31.0
50c0e9b9e848c7038034e6a662e321a5c5f5132f,6.0,1.0,6.0,7.0,4.0,7.0,0.0,0.0,0.0,0.0,31.0
38222de4f27c47bcc38439b46c83dedf552c36cd,6.0,1.0,7.0,6.0,5.0,6.0,0.0,0.0,0.0,0.0,31.0
2cde7bebf9821a605c7e1d9d13ee2934dad2f864,6.0,1.0,6.0,7.0,5.0,6.0,0.0,0.0,0.0,0.0,31.0
1eb53e523ec0ad41ad536627c0a417992c95ba71,0.0,0.0,0.0,0.0,0.0,0.0,0.0,0.0,31.0,0.0,31.0
1a39734a26892d9d4de034dc7df6350e9c7705da,0.0,0.0,0.0,0.0,0.0,0.0,0.0,0.0,31.0,0.0,31.0
1966a7460edf8821c40f253605ada292bd510dc1,6.0,1.0,6.0,7.0,5.0,6.0,0.0,0.0,0.0,0.0,31.0
0c627c23c25f61014547c588620572e615bc6c2e,6.0,1.0,6.0,7.0,5.0,6.0,0.0,0.0,0.0,0.0,31.0
03d412bf2120f45a28fa13719d2e2abe6c96c30b,6.0,1.0,6.0,7.0,5.0,6.0,0.0,0.0,0.0,0.0,31.0
ebb591ecf30135b70c3dfb03ee89ebda2661a4fb,0.0,0.0,0.0,0.0,0.0,0.0,0.0,0.0,30.0,0.0,30.0
e12b387cbb8dfbcaba9d7981cbf43afdda808025,4.0,1.0,7.0,6.0,5.0,6.0,1.0,0.0,0.0,0.0,30.0
e0f7bd1b95364d5417193318210afecf7f538425,0.0,2.0,7.0,7.0,5.0,7.0,2.0,0.0,0.0,0.0,30.0
b21c431dbb57a548ae12498867a2c1bf60420bb1,6.0,1.0,6.0,6.0,5.0,6.0,0.0,0.0,0.0,0.0,30.0
afff4a2d666a5ed753a5f80e0639868dd94ae729,8.0,2.0,8.0,8.0,0.0,4.0,0.0,0.0,0.0,0.0,30.0
af46c26892f2507f62e50f21c9c5dc6cbdb9b5a9,6.0,0.0,0.0,0.0,0.0,0.0,0.0,0.0,0.0,24.0,30.0
9e1f8539bf25c2022df606504cf81cf7ec019d48,0.0,0.0,0.0,0.0,0.0,0.0,0.0,0.0,0.0,30.0,30.0
96a26e3b912ce80b20aa36f643b00dc5072ab8a5,6.0,0.0,6.0,5.0,5.0,6.0,2.0,0.0,0.0,0.0,30.0
94578c689a15e508f9cad087f883335bfa982bb6,6.0,0.0,6.0,7.0,5.0,6.0,0.0,0.0,0.0,0.0,30.0
79fa9e37d47d94f070f030de247b99da4994e9de,3.0,1.0,6.0,6.0,5.0,6.0,0.0,3.0,0.0,0.0,30.0
782e6570d2a28f1dc420bded0d3fb23ab1baebf7,5.0,1.0,6.0,7.0,5.0,6.0,0.0,0.0,0.0,0.0,30.0
51b9943bf98b704dc9b609ccbdc34bce3e1205db,7.0,1.0,5.0,7.0,4.0,6.0,0.0,0.0,0.0,0.0,30.0
4cfea501395cca2ddeeeb82c678e0b32541b1a8c,0.0,0.0,0.0,0.0,0.0,0.0,0.0,0.0,0.0,30.0,30.0
3a2637dcaacb3606b91dad7303ec9115f495edbc,7.0,1.0,5.0,3.0,5.0,6.0,3.0,0.0,0.0,0.0,30.0
33f4343e2e30a2e418a796e30f76bb243897ef39,5.0,1.0,6.0,7.0,5.0,6.0,0.0,0.0,0.0,0.0,30.0
fbc1c72d25aafa55ecdb0423ee8940d3139ba8a4,0.0,0.0,0.0,0.0,0.0,0.0,0.0,0.0,29.0,0.0,29.0
f4d3db585ac57c03f0ec53cec070870807197374,5.0,1.0,5.0,7.0,5.0,6.0,0.0,0.0,0.0,0.0,29.0
b238732ab1833aed20350697b763a62c62d5f100,0.0,0.0,0.0,0.0,0.0,0.0,0.0,0.0,0.0,29.0,29.0
a21a08ab2d2fb95d96b96e2378fded0df78aa5f3,7.0,2.0,0.0,7.0,6.0,7.0,0.0,0.0,0.0,0.0,29.0
8fdd3d0e497d607c7b20099bd33b99820611f423,7.0,2.0,7.0,7.0,6.0,0.0,0.0,0.0,0.0,0.0,29.0
31abfacb59488255f9b0389b63003bfb20071992,7.0,2.0,0.0,7.0,6.0,7.0,0.0,0.0,0.0,0.0,29.0
1c90d8d2d2f93e0be35c602c0aa80d517220e147,0.0,0.0,0.0,0.0,0.0,0.0,0.0,0.0,0.0,29.0,29.0
0e2988f17139b1481ef14795c8bcea5a1c63a9e3,5.0,1.0,7.0,9.0,6.0,0.0,1.0,0.0,0.0,0.0,29.0
f873b3401c1653cbf6d511de2b37320171572a1b,0.0,0.0,7.0,8.0,6.0,7.0,0.0,0.0,0.0,0.0,28.0
e663ba359e86f356da7f0af6faa17a358eabc972,7.0,2.0,6.0,7.0,0.0,6.0,0.0,0.0,0.0,0.0,28.0
a7c5511170984ae7d461b487d513963627887ae6,7.0,0.0,7.0,8.0,6.0,0.0,0.0,0.0,0.0,0.0,28.0
9fac69d074ea1e2dd6475e15546a712155f9dc1b,6.0,2.0,6.0,8.0,0.0,6.0,0.0,0.0,0.0,0.0,28.0
89c3d3c2657463be43b45aa4d0e9143573ddab3f,6.0,1.0,6.0,7.0,4.0,0.0,4.0,0.0,0.0,0.0,28.0
6b70df97b0f8c2c3563bf4d5d95810582968038c,8.0,2.0,8.0,10.0,0.0,0.0,0.0,0.0,0.0,0.0,28.0
4be125cde01b8abe74a6557bd38b29d160de22b9,5.0,0.0,6.0,7.0,4.0,6.0,0.0,0.0,0.0,0.0,28.0
347b95b9b6c520c06762b98ed4a36647e035fa9d,7.0,2.0,7.0,5.0,0.0,7.0,0.0,0.0,0.0,0.0,28.0
1b55a6982a2238d8ba2fe3d40c79bc363254b818,7.0,2.0,0.0,7.0,0.0,7.0,5.0,0.0,0.0,0.0,28.0
def5dae9270c3ed0f0cb2ca72b221365ef0c0518,7.0,1.0,6.0,7.0,6.0,0.0,0.0,0.0,0.0,0.0,27.0
abe94aa759e20f2a242f7dc1a76e4113684c9f7f,6.0,1.0,6.0,7.0,2.0,5.0,0.0,0.0,0.0,0.0,27.0
9fb015694ae26e46523ee32372ecc6f2f4057688,6.0,0.0,7.0,8.0,6.0,0.0,0.0,0.0,0.0,0.0,27.0
962d21c0cbd0d5ce78f29b7f0563c4f6c81ad8a6,6.0,0.0,6.0,8.0,7.0,0.0,0.0,0.0,0.0,0.0,27.0
5a64b1d42b0faf6931ae0aa386da9d9766bfd70f,5.0,0.0,7.0,0.0,0.0,6.0,0.0,0.0,0.0,9.0,27.0
452408edddb8a2233b9b3a15af7a9b40d25554b4,7.0,2.0,12.0,0.0,6.0,0.0,0.0,0.0,0.0,0.0,27.0
f82cfeb4801a17238d5e36f528e0b1f47c771116,5.0,0.0,6.0,7.0,2.0,6.0,0.0,0.0,0.0,0.0,26.0
b654215cfe6eee0276fca105008788c6691cbaba,0.0,0.0,0.0,0.0,0.0,0.0,0.0,0.0,0.0,26.0,26.0
998e2c70003905c67eb8be90714541ef64bc88cd,6.0,0.0,6.0,6.0,0.0,6.0,2.0,0.0,0.0,0.0,26.0
85b6c7e12fb2e231c66beb2570d1b6824cbf4c4b,7.0,2.0,8.0,9.0,0.0,0.0,0.0,0.0,0.0,0.0,26.0
3a4b0f1ee9ce5b9642cdd24b11facd445d5982e9,7.0,1.0,6.0,7.0,5.0,0.0,0.0,0.0,0.0,0.0,26.0
3679a6319dcbf7f66a655a02f488e1d875168d85,9.0,1.0,8.0,8.0,0.0,0.0,0.0,0.0,0.0,0.0,26.0
2ce0d6f66df941b2b625aa9467eed13b82d440b6,6.0,1.0,7.0,6.0,0.0,6.0,0.0,0.0,0.0,0.0,26.0
fc75453ae303a9ccd560f4a3d0ae3d0d78ae5ec0,7.0,1.0,6.0,0.0,5.0,6.0,0.0,0.0,0.0,0.0,25.0
f5c17a7f3f3b0f4074842a3ae7cabc24fee13a4c,6.0,1.0,6.0,0.0,5.0,6.0,1.0,0.0,0.0,0.0,25.0
f157c19cce520a5d35e0eefecac2a947c47c4599,6.0,0.0,6.0,5.0,5.0,3.0,0.0,0.0,0.0,0.0,25.0
e9ff9944acf1ecd2cc32ba0b9805d84108dda880,0.0,0.0,0.0,0.0,0.0,0.0,0.0,0.0,0.0,25.0,25.0
e78a9fad0f6eb8213db2debe7d372fff6391f9d7,6.0,1.0,5.0,7.0,0.0,6.0,0.0,0.0,0.0,0.0,25.0
c30ed036187cc620284a32374aa89c1ccb9a2916,0.0,0.0,0.0,0.0,0.0,0.0,0.0,0.0,0.0,25.0,25.0
bebcaaa16a4d403ddbf7fb15b4a8d7815da88aa3,7.0,2.0,8.0,8.0,0.0,0.0,0.0,0.0,0.0,0.0,25.0
aaa90a1f20e086d11319e34f5159c353426d8020,6.0,2.0,6.0,6.0,0.0,5.0,0.0,0.0,0.0,0.0,25.0
97a5cdafd3025330edd75b945594f095c8d88aff,2.0,0.0,0.0,0.0,0.0,0.0,0.0,0.0,0.0,23.0,25.0
95937d7e4fa687955ff7b77686103a8e588a01ae,6.0,1.0,0.0,7.0,5.0,5.0,1.0,0.0,0.0,0.0,25.0
8551633c080bb3993b6cfd5980aaa22a1e27afdb,6.0,1.0,6.0,7.0,5.0,0.0,0.0,0.0,0.0,0.0,25.0
3de24a7103fdfd179665b295806009dec837af02,6.0,1.0,6.0,7.0,5.0,0.0,0.0,0.0,0.0,0.0,25.0
08a79ba18b806da05146494b2be7735c8a0bfe2d,6.0,1.0,6.0,7.0,5.0,0.0,0.0,0.0,0.0,0.0,25.0
073b01c12dbf07b1a31bd6c339c9e7013c967eb8,6.0,0.0,6.0,8.0,5.0,0.0,0.0,0.0,0.0,0.0,25.0
f3bff5cd8665ba1b97fd57b57952c042ed277ca9,2.0,1.0,5.0,7.0,2.0,5.0,2.0,0.0,0.0,0.0,24.0
ef4ae9edac18a3235bbdaee8bf3e38cbb071deda,7.0,2.0,4.0,0.0,5.0,6.0,0.0,0.0,0.0,0.0,24.0
ed751891d6c2832bfa6a5f044394fba0fb809480,6.0,0.0,6.0,7.0,5.0,0.0,0.0,0.0,0.0,0.0,24.0
df2c662e9bb6d05ea7cf0ecadfb28acbe8bb79d2,6.0,1.0,6.0,0.0,5.0,6.0,0.0,0.0,0.0,0.0,24.0
dc2a37b7a8a06f305bbe235bf5f5470b685b82f9,6.0,1.0,6.0,6.0,5.0,0.0,0.0,0.0,0.0,0.0,24.0
d2b72d0fbe97ddc6f6abcb9259f408cb86f8e3f4,8.0,2.0,7.0,7.0,0.0,0.0,0.0,0.0,0.0,0.0,24.0
a7871284dc49f4842408ca028581c3d1f30f4b1b,6.0,1.0,6.0,5.0,0.0,6.0,0.0,0.0,0.0,0.0,24.0
a6ac387f4f8ca3472c48ce46003ee9a6d47469c1,7.0,2.0,7.0,8.0,0.0,0.0,0.0,0.0,0.0,0.0,24.0
8af26d3a93cbb7c322e2c6259680c0eb7b9c1392,7.0,2.0,7.0,8.0,0.0,0.0,0.0,0.0,0.0,0.0,24.0
698384a6f980df0aa67ec4d4636df6e65f970a44,5.0,1.0,6.0,7.0,5.0,0.0,0.0,0.0,0.0,0.0,24.0
526213a14a1101b524c780fc71cabc49106be09b,5.0,1.0,6.0,7.0,5.0,0.0,0.0,0.0,0.0,0.0,24.0
1d53faf8d9a56ad7d96095b9b875b884d9468c79,6.0,0.0,5.0,7.0,0.0,6.0,0.0,0.0,0.0,0.0,24.0
0a6c3743ff6bb6ca236d187109e9b870ffdc07b8,5.0,1.0,6.0,6.0,0.0,6.0,0.0,0.0,0.0,0.0,24.0
f596d7c615f2e740d1552e4da4b9179429a0ea45,6.0,2.0,7.0,8.0,0.0,0.0,0.0,0.0,0.0,0.0,23.0
f58c829698011324cc8c6bf07b60ce87c13c4321,7.0,2.0,7.0,7.0,0.0,0.0,0.0,0.0,0.0,0.0,23.0
9e8bc53cf3f3aff5bab3b98d0efb7efad2efc970,7.0,1.0,7.0,8.0,0.0,0.0,0.0,0.0,0.0,0.0,23.0
8e967a17358a839cd30b60089103049b9a4e7093,7.0,2.0,7.0,7.0,0.0,0.0,0.0,0.0,0.0,0.0,23.0
8018628273719883f3ead1ed370711ec03462053,5.0,0.0,5.0,5.0,0.0,6.0,2.0,0.0,0.0,0.0,23.0
29bb80d8891267d7b5b58e20007b940810565e4f,6.0,0.0,0.0,6.0,5.0,6.0,0.0,0.0,0.0,0.0,23.0
12feb1afe027a5e41196a8593d77404981d0e2bf,6.0,2.0,7.0,8.0,0.0,0.0,0.0,0.0,0.0,0.0,23.0
02f0de32dbca77c9bef5bbab5c78dda6bd1cf85e,7.0,1.0,7.0,8.0,0.0,0.0,0.0,0.0,0.0,0.0,23.0
f78d4784ea0ed1ea7fd15a0f8ee4b103926bc30e,6.0,1.0,7.0,8.0,0.0,0.0,0.0,0.0,0.0,0.0,22.0
ef80faa967b3d922a897bef38264afa84bb97ece,6.0,2.0,7.0,7.0,0.0,0.0,0.0,0.0,0.0,0.0,22.0
e5e1f09b5f387c0a6dfb869f3fe123db50145f9c,6.0,1.0,6.0,0.0,3.0,6.0,0.0,0.0,0.0,0.0,22.0
bb63775a60b491986bd375debb82a07e653f4bdb,6.0,2.0,14.0,0.0,0.0,0.0,0.0,0.0,0.0,0.0,22.0
959590efd3fdcccb42e9f478cd591e14ac9e5a30,5.0,2.0,7.0,8.0,0.0,0.0,0.0,0.0,0.0,0.0,22.0
795a47ca71f46349fd1d81df8b034de46f3d55ca,6.0,2.0,7.0,7.0,0.0,0.0,0.0,0.0,0.0,0.0,22.0
6a7b0aa52ce754cbc864326dfe8a759e511d8566,4.0,0.0,7.0,7.0,4.0,0.0,0.0,0.0,0.0,0.0,22.0
1faa8ddda531d9377c1ef8fc8f76ad7f487bab66,0.0,0.0,0.0,0.0,0.0,0.0,0.0,0.0,22.0,0.0,22.0
1df8922b2493b460794ffbd04063bd8f0f2dc952,5.0,1.0,5.0,6.0,5.0,0.0,0.0,0.0,0.0,0.0,22.0
044951c990a75dabdcfdad242548110fd9bbcba9,8.0,2.0,8.0,4.0,0.0,0.0,0.0,0.0,0.0,0.0,22.0
b5674d8276208c9f2cdfc9d3511ab5132b5373da,11.0,2.0,8.0,0.0,0.0,0.0,0.0,0.0,0.0,0.0,21.0
b2f513b2fcba411a7cf80194bdb14aaa689c389d,7.0,1.0,6.0,7.0,0.0,0.0,0.0,0.0,0.0,0.0,21.0
6c3690cd335c7cb4695adf3dda7671d880ddf8c2,0.0,0.0,0.0,0.0,0.0,0.0,0.0,0.0,0.0,21.0,21.0
23f0da46c4ccc02b7ca01f7c8848f8fae9294950,7.0,1.0,6.0,7.0,0.0,0.0,0.0,0.0,0.0,0.0,21.0
0b1d0018ad496a5bd7db2db2efe4cf4b22643f17,3.0,1.0,5.0,5.0,1.0,5.0,1.0,0.0,0.0,0.0,21.0
fea00b4dbda5b874244aa5b8d85d7f8da4c07200,6.0,1.0,6.0,7.0,0.0,0.0,0.0,0.0,0.0,0.0,20.0
fad7da9639425f5a2a1e3547c035cbeb85658303,8.0,2.0,0.0,8.0,2.0,0.0,0.0,0.0,0.0,0.0,20.0
c0015bd0b77968a459585cb5506015a0bcc2b109,6.0,1.0,6.0,7.0,0.0,0.0,0.0,0.0,0.0,0.0,20.0
a8376324ea9ebbf8fb308abbfa6dfd7b04c8787a,6.0,1.0,6.0,7.0,0.0,0.0,0.0,0.0,0.0,0.0,20.0
8c1c48aeb08d417bdad34b2a12cf149241ebb377,6.0,1.0,6.0,7.0,0.0,0.0,0.0,0.0,0.0,0.0,20.0
7a8d50a4a675f229b8146862ae4cf6cbc3600711,6.0,1.0,6.0,7.0,0.0,0.0,0.0,0.0,0.0,0.0,20.0
78795c163f5073efc7fb610204f5cce945a740ef,0.0,0.0,0.0,0.0,0.0,0.0,0.0,0.0,0.0,20.0,20.0
5b7c7dc513dc7b2eb741febcd540994e25eea5d1,6.0,1.0,6.0,7.0,0.0,0.0,0.0,0.0,0.0,0.0,20.0
5108d5beb80ebdf73827d07f6dc2e452e42a9104,0.0,0.0,5.0,6.0,0.0,6.0,3.0,0.0,0.0,0.0,20.0
35432c66f52749ac5087778ac7d7899fa52c7a04,6.0,1.0,6.0,7.0,0.0,0.0,0.0,0.0,0.0,0.0,20.0
2b5e159818ecba828d5ae0bf69959fca7eedfe55,6.0,1.0,6.0,7.0,0.0,0.0,0.0,0.0,0.0,0.0,20.0
071a11ee4847e427abfa2bb2556d4d5c4c485bb8,6.0,1.0,6.0,7.0,0.0,0.0,0.0,0.0,0.0,0.0,20.0
f4c84341533c4662c0516b122d7ef0a39f311d01,6.0,0.0,6.0,7.0,0.0,0.0,0.0,0.0,0.0,0.0,19.0
dfc268a8a91e99dd919c4f7722ca2d83552fd586,7.0,0.0,5.0,7.0,0.0,0.0,0.0,0.0,0.0,0.0,19.0
cd97d04c5dcf23d6bcc367a82cd9b7ae54cd76db,6.0,1.0,6.0,6.0,0.0,0.0,0.0,0.0,0.0,0.0,19.0
b2fb8497cad028740f49193f258de887826051bc,6.0,1.0,0.0,8.0,4.0,0.0,0.0,0.0,0.0,0.0,19.0
ab5250708f0086469885bac1f77602c00d955fa8,9.0,2.0,8.0,0.0,0.0,0.0,0.0,0.0,0.0,0.0,19.0
a802f1012e21fce1dead64f5bf001daf7f8dda13,6.0,1.0,6.0,0.0,0.0,6.0,0.0,0.0,0.0,0.0,19.0
89d656a4106298c8aee98750f197422f0eaf0c64,6.0,1.0,7.0,5.0,0.0,0.0,0.0,0.0,0.0,0.0,19.0
879fd7401aba86f154c9005f2a98a96e36e94418,7.0,2.0,7.0,0.0,3.0,0.0,0.0,0.0,0.0,0.0,19.0
851dd20747cf40d6c79045d3c0687cef4073c4aa,6.0,1.0,5.0,7.0,0.0,0.0,0.0,0.0,0.0,0.0,19.0
7ccf8b491ba5429f8e234580ece1d998a75530d9,5.0,1.0,6.0,7.0,0.0,0.0,0.0,0.0,0.0,0.0,19.0
764b0f1dbcd6b12652009346fbd2a4abf191791b,6.0,1.0,5.0,7.0,0.0,0.0,0.0,0.0,0.0,0.0,19.0
63912f0ba3c9ad509e2ebcfaa18d48f5301c6b8e,5.0,1.0,6.0,7.0,0.0,0.0,0.0,0.0,0.0,0.0,19.0
5ff69c069e0f695a9e5fc09b95a93f4066bde1d4,5.0,1.0,6.0,7.0,0.0,0.0,0.0,0.0,0.0,0.0,19.0
55f708df773c99921db642acb9ed63736c22c892,6.0,1.0,5.0,7.0,0.0,0.0,0.0,0.0,0.0,0.0,19.0
55da22e279753823fce5f2702aaaf21bbccb4aab,6.0,1.0,5.0,7.0,0.0,0.0,0.0,0.0,0.0,0.0,19.0
28e00443418904d6b495c95cc77bf6d9c418955d,7.0,2.0,4.0,6.0,0.0,0.0,0.0,0.0,0.0,0.0,19.0
204e5a929e8447a3dad090ae5fefc1001c211e48,5.0,1.0,6.0,7.0,0.0,0.0,0.0,0.0,0.0,0.0,19.0
1d1eb980f60729b595bd3220f78ab26b904c88c6,6.0,1.0,6.0,6.0,0.0,0.0,0.0,0.0,0.0,0.0,19.0
1c92ae14d2770c67c118a4031ac0c55b4e9ce5f1,7.0,1.0,5.0,6.0,0.0,0.0,0.0,0.0,0.0,0.0,19.0
1a60722b833ef6d317f2a61221748e5eb047abf5,6.0,1.0,6.0,6.0,0.0,0.0,0.0,0.0,0.0,0.0,19.0
12da35ec28663709ebc4f72f88c3ca72eb5d45a2,6.0,1.0,6.0,6.0,0.0,0.0,0.0,0.0,0.0,0.0,19.0
ea3ca17050ea5760be66b95e8d274dec52b34e1c,7.0,2.0,1.0,8.0,0.0,0.0,0.0,0.0,0.0,0.0,18.0
e8bbde05af690b8b07712b43d3ba0922c36e9684,6.0,1.0,5.0,6.0,0.0,0.0,0.0,0.0,0.0,0.0,18.0
d23b84ae4fab6e9a6a54095b0be84d3fe95a56b3,5.0,1.0,6.0,6.0,0.0,0.0,0.0,0.0,0.0,0.0,18.0
b5746b0744b35bb9dd7636f21753d068afd75e70,6.0,1.0,6.0,5.0,0.0,0.0,0.0,0.0,0.0,0.0,18.0
b4f41f0b56cef7f969e5ec7b0f97cb60e559c107,0.0,1.0,4.0,7.0,0.0,6.0,0.0,0.0,0.0,0.0,18.0
a26a388e634c2ed916c417b55f35a31d47850cd8,5.0,1.0,6.0,6.0,0.0,0.0,0.0,0.0,0.0,0.0,18.0
6214ca945f51f2369007f70a441b4bf28a641f40,4.0,1.0,6.0,7.0,0.0,0.0,0.0,0.0,0.0,0.0,18.0
411861699a1c3820b6eb8b9bb507d68098f641d3,5.0,0.0,6.0,7.0,0.0,0.0,0.0,0.0,0.0,0.0,18.0
1d83fa53fc5102a1d5736a7f311976a7f704de2c,6.0,0.0,5.0,7.0,0.0,0.0,0.0,0.0,0.0,0.0,18.0
180e3b88144dcdeb95948091b18720b339b240a9,10.0,2.0,6.0,0.0,0.0,0.0,0.0,0.0,0.0,0.0,18.0
1644b545aaaabe68b180057acb0b65a04200d7b6,6.0,0.0,6.0,6.0,0.0,0.0,0.0,0.0,0.0,0.0,18.0
0f6204190e439e47723be20de118818257407e5d,5.0,1.0,0.0,7.0,5.0,0.0,0.0,0.0,0.0,0.0,18.0
e3dc5aa2b3fa9be95564ae4a8e8787cfc77bfd43,6.0,1.0,5.0,0.0,5.0,0.0,0.0,0.0,0.0,0.0,17.0
962c9590c2722e9f570b089ffd59647f4dacc9ea,6.0,1.0,6.0,4.0,0.0,0.0,0.0,0.0,0.0,0.0,17.0
74247eeb328b2ffb18d1e5eefe4eed031ffd0c1c,8.0,2.0,7.0,0.0,0.0,0.0,0.0,0.0,0.0,0.0,17.0
64c0503ebe72d77adae38657008493b1d2309846,5.0,1.0,5.0,6.0,0.0,0.0,0.0,0.0,0.0,0.0,17.0
42f4d1ec366791283ac86bd20547e90e419fccaa,6.0,1.0,6.0,0.0,4.0,0.0,0.0,0.0,0.0,0.0,17.0
1c885729788046c86720b1210998e912b6df923b,7.0,1.0,0.0,7.0,2.0,0.0,0.0,0.0,0.0,0.0,17.0
1431491cb54b789e1196f77f8bad4be73812267b,5.0,0.0,6.0,6.0,0.0,0.0,0.0,0.0,0.0,0.0,17.0
fa21b254fe3aab6853be1f59ea53efc5348b6eb9,6.0,2.0,2.0,4.0,2.0,0.0,0.0,0.0,0.0,0.0,16.0
e19824da28469b665c05506393e8f7379402f239,5.0,1.0,4.0,6.0,0.0,0.0,0.0,0.0,0.0,0.0,16.0
d4165fd96d8fb6ec7bad3d4f54e3c288b1e85b16,7.0,2.0,7.0,0.0,0.0,0.0,0.0,0.0,0.0,0.0,16.0
9d2e9e389effd65b4e2dd7d68aab698435ce2354,7.0,2.0,7.0,0.0,0.0,0.0,0.0,0.0,0.0,0.0,16.0
7e4b2f9ad52ad947c52837c6b68c6f5f4028ba49,7.0,2.0,7.0,0.0,0.0,0.0,0.0,0.0,0.0,0.0,16.0
722366d8b29ece9be3a7605363562c7c60d6918e,14.0,2.0,0.0,0.0,0.0,0.0,0.0,0.0,0.0,0.0,16.0
6589c59b79116ab8b611f98d3bc72bdc9a79f82d,6.0,1.0,3.0,6.0,0.0,0.0,0.0,0.0,0.0,0.0,16.0
6575f77630c063e3f2df1b2a6a6ad4c62635c0c8,7.0,2.0,7.0,0.0,0.0,0.0,0.0,0.0,0.0,0.0,16.0
32024a812c5fd3d14651ef4b50eac5ac24bccef0,7.0,2.0,7.0,0.0,0.0,0.0,0.0,0.0,0.0,0.0,16.0
006967d09554b1f8c62f0e2251490f71c2587478,6.0,1.0,3.0,6.0,0.0,0.0,0.0,0.0,0.0,0.0,16.0
e6447b4f8c701abf24ba427e5501b0ae5edb8a64,6.0,2.0,7.0,0.0,0.0,0.0,0.0,0.0,0.0,0.0,15.0
cb1976871b6f9f0db296b331b3068fe6ef86bcee,0.0,0.0,0.0,8.0,0.0,7.0,0.0,0.0,0.0,0.0,15.0
4ba1efa946abab7ea8b55ee35b8c1d9b2275dbc7,13.0,2.0,0.0,0.0,0.0,0.0,0.0,0.0,0.0,0.0,15.0
1bc62b4eddf07e578451ecfe14681b2092ce08ed,6.0,1.0,0.0,8.0,0.0,0.0,0.0,0.0,0.0,0.0,15.0
d9b0725103340dc552131d3ec00432fc6f1e6559,6.0,1.0,7.0,0.0,0.0,0.0,0.0,0.0,0.0,0.0,14.0
d5ade5c6a95dfb5eae4b043ddddcad72bd5915d2,6.0,1.0,0.0,7.0,0.0,0.0,0.0,0.0,0.0,0.0,14.0
c697e2c9395b45fb8e07e624d01a28baaba8aac4,7.0,2.0,0.0,5.0,0.0,0.0,0.0,0.0,0.0,0.0,14.0
c4948649166bc6843159548649dacded24d11d3d,0.0,0.0,7.0,7.0,0.0,0.0,0.0,0.0,0.0,0.0,14.0
ac304f5cc2b1cafeaca86f2d15c924066ebc9585,7.0,1.0,6.0,0.0,0.0,0.0,0.0,0.0,0.0,0.0,14.0
97cf3b75dec45feb50d3e8d31443080bf75fc737,6.0,0.0,0.0,6.0,2.0,0.0,0.0,0.0,0.0,0.0,14.0
3f8463860685940cb46a8af9ee755809d199cec7,7.0,0.0,0.0,7.0,0.0,0.0,0.0,0.0,0.0,0.0,14.0
37945522b9d7b5342899d703456b2d8c62c2586c,6.0,0.0,0.0,5.0,3.0,0.0,0.0,0.0,0.0,0.0,14.0
22e814d98d994f15f8deed24546ed5294db30205,0.0,0.0,0.0,0.0,6.0,8.0,0.0,0.0,0.0,0.0,14.0
f8778a0d484bc3769a32e5627e9c6b329d3396af,6.0,1.0,6.0,0.0,0.0,0.0,0.0,0.0,0.0,0.0,13.0
f36e94bcb1b79a8c5a7f0f415ded9507b6e14f88,6.0,0.0,7.0,0.0,0.0,0.0,0.0,0.0,0.0,0.0,13.0
f09269b2b0f575a13c49789d2df31e113ab1cd28,6.0,1.0,6.0,0.0,0.0,0.0,0.0,0.0,0.0,0.0,13.0
e4bb908d76fa8ecc730b32e0e6ba8b8d4ef66e31,6.0,1.0,6.0,0.0,0.0,0.0,0.0,0.0,0.0,0.0,13.0
e2f86e9c4a1e62ba0e40c6cddd2e6aa5ac19face,5.0,1.0,0.0,7.0,0.0,0.0,0.0,0.0,0.0,0.0,13.0
cc5a3add09fb925646d3b6ad9f875fa7233df0f1,0.0,0.0,6.0,7.0,0.0,0.0,0.0,0.0,0.0,0.0,13.0
c4e09d475b6aa062de39cf5d4379202c2c296cf6,6.0,1.0,6.0,0.0,0.0,0.0,0.0,0.0,0.0,0.0,13.0
bd410b925c6f299980df88909623b73f0804fd69,6.0,1.0,6.0,0.0,0.0,0.0,0.0,0.0,0.0,0.0,13.0
bc194de64ecf75e9938fca3d9e757ecaf48f6317,6.0,1.0,6.0,0.0,0.0,0.0,0.0,0.0,0.0,0.0,13.0
b494173788e919cd5836cd19a343661ab222285f,0.0,0.0,6.0,7.0,0.0,0.0,0.0,0.0,0.0,0.0,13.0
813ddaa2207d3ab6dbe9158d5d37cf1987a21234,6.0,1.0,6.0,0.0,0.0,0.0,0.0,0.0,0.0,0.0,13.0
80e11e8051a300635dbef32bb6b282a9476cfc29,6.0,0.0,7.0,0.0,0.0,0.0,0.0,0.0,0.0,0.0,13.0
80698b9869ef4e58e864f048793350169d9bd96c,6.0,1.0,6.0,0.0,0.0,0.0,0.0,0.0,0.0,0.0,13.0
79b8c28d66b3d8c6e3cbc059a286ed163ad80eb4,6.0,1.0,6.0,0.0,0.0,0.0,0.0,0.0,0.0,0.0,13.0
6ef211e678af9e32dbc0dbe7b4f8d814f5cec7d9,5.0,1.0,0.0,7.0,0.0,0.0,0.0,0.0,0.0,0.0,13.0
65c53aa3d21f5778b6f63dca9105de849d2d4ad7,6.0,1.0,6.0,0.0,0.0,0.0,0.0,0.0,0.0,0.0,13.0
655ce658b1df8ef4abcb81194bb3807cecff793d,5.0,1.0,7.0,0.0,0.0,0.0,0.0,0.0,0.0,0.0,13.0
5d7732c417719a945d5ca42dd149905b60203720,5.0,1.0,0.0,7.0,0.0,0.0,0.0,0.0,0.0,0.0,13.0
5d5386e8f443f823b46909f5def38297250539bb,7.0,2.0,4.0,0.0,0.0,0.0,0.0,0.0,0.0,0.0,13.0
539d290efa5f02d6ed3ce83f8290d9a139bddf69,6.0,1.0,6.0,0.0,0.0,0.0,0.0,0.0,0.0,0.0,13.0
5280a90a9cb4f7cb5b3562573b2b7053be87405c,6.0,1.0,6.0,0.0,0.0,0.0,0.0,0.0,0.0,0.0,13.0
3767f4e52148017beedf013e77835939de80fa89,6.0,1.0,0.0,0.0,0.0,6.0,0.0,0.0,0.0,0.0,13.0
33c7ced0d74c9b255a46e76cb4db703c415d0056,7.0,0.0,6.0,0.0,0.0,0.0,0.0,0.0,0.0,0.0,13.0
30ad4c4d4eca4df86b1dafc57ec18942e5e919fe,0.0,1.0,0.0,6.0,0.0,6.0,0.0,0.0,0.0,0.0,13.0
14d089932a0b85bfd56d770998df6d5349b7d413,5.0,1.0,7.0,0.0,0.0,0.0,0.0,0.0,0.0,0.0,13.0
08e4db5dc6ea4659d2b7bb27ba06dfa6df1f71ab,6.0,1.0,6.0,0.0,0.0,0.0,0.0,0.0,0.0,0.0,13.0
ffdac615a35c099934abe0106dd14911bd3ca1b9,6.0,1.0,0.0,5.0,0.0,0.0,0.0,0.0,0.0,0.0,12.0
e877945778cb4d87a0a1a2002bc38044c4104c4c,5.0,1.0,0.0,6.0,0.0,0.0,0.0,0.0,0.0,0.0,12.0
d57151b397c0f3cc59a21c9e19d36a96e85e1da0,6.0,1.0,0.0,0.0,0.0,5.0,0.0,0.0,0.0,0.0,12.0
d074f1d8ca91a240b23734523b7fddfffa8f3610,4.0,2.0,6.0,0.0,0.0,0.0,0.0,0.0,0.0,0.0,12.0
b45401845546aacad407f06ed0ceacf90c86018e,6.0,0.0,0.0,6.0,0.0,0.0,0.0,0.0,0.0,0.0,12.0
8da3a700bbcba1cc188e5560ca188ee3f1c4392b,6.0,1.0,5.0,0.0,0.0,0.0,0.0,0.0,0.0,0.0,12.0
83eb22ba147442aa4a0d4c1f5bf9a5220ffce4d8,6.0,1.0,5.0,0.0,0.0,0.0,0.0,0.0,0.0,0.0,12.0
72ac4d66ce2a36257739fb596abb88d6a5745383,7.0,0.0,5.0,0.0,0.0,0.0,0.0,0.0,0.0,0.0,12.0
6b56c4568911885906614ad08ad97fb5b5fc4de4,5.0,1.0,6.0,0.0,0.0,0.0,0.0,0.0,0.0,0.0,12.0
5bf432b6490e988862cb0221796901b5526c1c9c,6.0,0.0,6.0,0.0,0.0,0.0,0.0,0.0,0.0,0.0,12.0
56ff260cf5d2777f112ced2fde2a39a30df4b685,5.0,1.0,0.0,6.0,0.0,0.0,0.0,0.0,0.0,0.0,12.0
4d44602ee02e4e015add8e147654e0feec781fc8,6.0,0.0,6.0,0.0,0.0,0.0,0.0,0.0,0.0,0.0,12.0
3e7c3c2cd5a5433186e53435ccbafedd917c1ca3,6.0,1.0,5.0,0.0,0.0,0.0,0.0,0.0,0.0,0.0,12.0
1079014457a1b737796f8efe9115cae967d370f7,5.0,1.0,0.0,0.0,0.0,6.0,0.0,0.0,0.0,0.0,12.0
0f04bd067807f6784377bcef0853d4413e9d8bd1,5.0,0.0,0.0,7.0,0.0,0.0,0.0,0.0,0.0,0.0,12.0
ece9d7c8e979c1ff1477288d29c6f98b8e350df7,6.0,1.0,4.0,0.0,0.0,0.0,0.0,0.0,0.0,0.0,11.0
932e01085f1b89a8325ed8d90abb2c1e07dd3675,5.0,0.0,6.0,0.0,0.0,0.0,0.0,0.0,0.0,0.0,11.0
89adda059a7b82c486634808357ccca36d26e339,0.0,0.0,0.0,7.0,4.0,0.0,0.0,0.0,0.0,0.0,11.0
82c49898a527731007a0c39f4c56ffd6c5ae2f4b,0.0,0.0,0.0,7.0,0.0,4.0,0.0,0.0,0.0,0.0,11.0
7bd9347563754894984ee86ce400f334e5612e19,0.0,0.0,0.0,0.0,5.0,6.0,0.0,0.0,0.0,0.0,11.0
77e1fb467cee64822f49aa3d836290c62e1a7b7c,3.0,0.0,6.0,0.0,2.0,0.0,0.0,0.0,0.0,0.0,11.0
5942e92dfb2b968df6235593cc30f6fcb8ce4db1,7.0,1.0,3.0,0.0,0.0,0.0,0.0,0.0,0.0,0.0,11.0
43b921415fcc55a5d72830ebc7f9cd422f2b218f,0.0,0.0,0.0,7.0,4.0,0.0,0.0,0.0,0.0,0.0,11.0
3e7e0e95ed6833234b79cc9187117649a05d5f8b,6.0,1.0,4.0,0.0,0.0,0.0,0.0,0.0,0.0,0.0,11.0
14d1bbd38fc3c0d59a731d39f5a18936a0f2ff64,4.0,1.0,6.0,0.0,0.0,0.0,0.0,0.0,0.0,0.0,11.0
146bafa775eac09dbae9d2962de27493015574b4,0.0,0.0,0.0,0.0,5.0,6.0,0.0,0.0,0.0,0.0,11.0
f69f77079f0159e7559b57c6d7ec77bc8b9359e4,6.0,0.0,4.0,0.0,0.0,0.0,0.0,0.0,0.0,0.0,10.0
e5600efd4e2892305ce8b914ea1aacccce893f12,8.0,2.0,0.0,0.0,0.0,0.0,0.0,0.0,0.0,0.0,10.0
e49b517fd35dd1c3841b2dc2c79cc741eea4cfd0,6.0,0.0,4.0,0.0,0.0,0.0,0.0,0.0,0.0,0.0,10.0
cd0138161f7977242a8a47f814d05781613ec6af,8.0,2.0,0.0,0.0,0.0,0.0,0.0,0.0,0.0,0.0,10.0
c975da19a844797a66d984838ae04e5ba203ff84,8.0,2.0,0.0,0.0,0.0,0.0,0.0,0.0,0.0,0.0,10.0
c5e64c9699ee4a795b3f3e4e28dbf3fe32639a94,8.0,2.0,0.0,0.0,0.0,0.0,0.0,0.0,0.0,0.0,10.0
a8f0bf3d7ff3a0ba47e4442211b0bb136ab1b0dc,8.0,2.0,0.0,0.0,0.0,0.0,0.0,0.0,0.0,0.0,10.0
9df2bc0366fc971dd816ab86b22a865b74322bdf,8.0,2.0,0.0,0.0,0.0,0.0,0.0,0.0,0.0,0.0,10.0
936f56344a03552cb558c32e5f20cb6543aa9139,0.0,0.0,3.0,7.0,0.0,0.0,0.0,0.0,0.0,0.0,10.0
764781f9abe984815caa5112b26f45819c078656,8.0,2.0,0.0,0.0,0.0,0.0,0.0,0.0,0.0,0.0,10.0
73884cf6942d8cd664ab654e4b9ee130147cca11,6.0,1.0,3.0,0.0,0.0,0.0,0.0,0.0,0.0,0.0,10.0
6d43159292d5b83b18a1b4f2fb61f90eb02e978e,5.0,0.0,5.0,0.0,0.0,0.0,0.0,0.0,0.0,0.0,10.0
24266d1ac996c3974ef829f2f6c00062fc7538cd,8.0,2.0,0.0,0.0,0.0,0.0,0.0,0.0,0.0,0.0,10.0
004881756eb93e940176bc02b086156c0c81f62f,4.0,1.0,0.0,5.0,0.0,0.0,0.0,0.0,0.0,0.0,10.0
fff0f59be0dcbcb2cc438bd25f6171fcf232dc21,7.0,2.0,0.0,0.0,0.0,0.0,0.0,0.0,0.0,0.0,9.0
f729b34f0040df098e1e88cc12e10e99d0c2cad0,0.0,0.0,0.0,0.0,0.0,0.0,0.0,0.0,0.0,9.0,9.0
f1acccb1e5e31c18a42ef8ad6c8bbfb1ed8292da,7.0,2.0,0.0,0.0,0.0,0.0,0.0,0.0,0.0,0.0,9.0
ef0378d14ecea7131f05e1d747680204b7d55f4b,7.0,2.0,0.0,0.0,0.0,0.0,0.0,0.0,0.0,0.0,9.0
e573f08bb739f17ab838f19e0dc8805692ff5372,7.0,2.0,0.0,0.0,0.0,0.0,0.0,0.0,0.0,0.0,9.0
dbada245c96922befeec24e56b917239ac1836a5,5.0,1.0,3.0,0.0,0.0,0.0,0.0,0.0,0.0,0.0,9.0
d64c05d5142522976e211b370a82acef920c655a,4.0,1.0,4.0,0.0,0.0,0.0,0.0,0.0,0.0,0.0,9.0
d404987150a6a91f9bb5648fd934988f0bbf0fd0,7.0,2.0,0.0,0.0,0.0,0.0,0.0,0.0,0.0,0.0,9.0
d236ee99eedcc46f3c1c6f706a762a0dc6f6c25a,7.0,2.0,0.0,0.0,0.0,0.0,0.0,0.0,0.0,0.0,9.0
bb4ab7293b2930b614b78aa21558ed01b3a06ff0,3.0,0.0,6.0,0.0,0.0,0.0,0.0,0.0,0.0,0.0,9.0
b3ef27fe7f4c461d7d208fcc53c58352f08d5485,7.0,2.0,0.0,0.0,0.0,0.0,0.0,0.0,0.0,0.0,9.0
affbb4e329ecc33fb25618e3fb725add7a6cadd0,7.0,2.0,0.0,0.0,0.0,0.0,0.0,0.0,0.0,0.0,9.0
9b35d9a6002037b1605f9b0c47ab942dbf1d5d79,7.0,2.0,0.0,0.0,0.0,0.0,0.0,0.0,0.0,0.0,9.0
71dcedfe173eafd049e31148251124298e501731,7.0,2.0,0.0,0.0,0.0,0.0,0.0,0.0,0.0,0.0,9.0
70f3f18c8c0c294aae0183cb2f02219a49f2e270,7.0,2.0,0.0,0.0,0.0,0.0,0.0,0.0,0.0,0.0,9.0
6c61e6e9dda281961127c985cc509cc543809480,0.0,0.0,0.0,0.0,0.0,9.0,0.0,0.0,0.0,0.0,9.0
60fcb8fb08663ca32bc768266271d64569d9c019,7.0,2.0,0.0,0.0,0.0,0.0,0.0,0.0,0.0,0.0,9.0
605efaf3cd2969aff1a54639f443e5d85402a2ee,7.0,2.0,0.0,0.0,0.0,0.0,0.0,0.0,0.0,0.0,9.0
5fca2d895cc296d6456e3c1bba6da5b0b28b6045,0.0,0.0,0.0,0.0,0.0,0.0,0.0,0.0,9.0,0.0,9.0
5e1703f66746eeae783ab40f965f5f98a49864b2,9.0,0.0,0.0,0.0,0.0,0.0,0.0,0.0,0.0,0.0,9.0
596d302193f80f9ca18b5d3ab2255d238076de2d,7.0,2.0,0.0,0.0,0.0,0.0,0.0,0.0,0.0,0.0,9.0
587ec412a3b318021a83200ccf288c7fd9db260f,7.0,2.0,0.0,0.0,0.0,0.0,0.0,0.0,0.0,0.0,9.0
4879832b1140f2e2d1f469a3b4914fc7173bc054,7.0,2.0,0.0,0.0,0.0,0.0,0.0,0.0,0.0,0.0,9.0
3f97faa6ee5a24a5433a8f7d3c084a8837609d1a,7.0,2.0,0.0,0.0,0.0,0.0,0.0,0.0,0.0,0.0,9.0
3dcbf6aa8522212e45562ce37e1fb2c6b2fa3d65,7.0,2.0,0.0,0.0,0.0,0.0,0.0,0.0,0.0,0.0,9.0
22ef435675840d0820a390f77544441dd445e40a,7.0,2.0,0.0,0.0,0.0,0.0,0.0,0.0,0.0,0.0,9.0
04dfc27a4ba5ce081e04c4586f9d3f0a5bb29dc4,8.0,1.0,0.0,0.0,0.0,0.0,0.0,0.0,0.0,0.0,9.0
f8a886f14490cf630b462dfc8b1c0d06daa4c1d8,8.0,0.0,0.0,0.0,0.0,0.0,0.0,0.0,0.0,0.0,8.0
ef9cd98073fa906a782b9edb9a7ee84d0e15ae98,7.0,1.0,0.0,0.0,0.0,0.0,0.0,0.0,0.0,0.0,8.0
e78e599218946ef5c829a3e083f69d24194c804a,6.0,2.0,0.0,0.0,0.0,0.0,0.0,0.0,0.0,0.0,8.0
cf04ccf922005628b802b7705a431f8e9b01122e,7.0,1.0,0.0,0.0,0.0,0.0,0.0,0.0,0.0,0.0,8.0
ccd22bee8eeca23c90c85a966d76730b17ee017a,8.0,0.0,0.0,0.0,0.0,0.0,0.0,0.0,0.0,0.0,8.0
c90c3d72c306cb0c5ac9e97549cff4d92e752a65,8.0,0.0,0.0,0.0,0.0,0.0,0.0,0.0,0.0,0.0,8.0
b1ffb8fc1582d42e5bd4bdba5d9718d482e475e7,7.0,1.0,0.0,0.0,0.0,0.0,0.0,0.0,0.0,0.0,8.0
b137600a0b448509ad2064fbd1376fc157e9a85d,8.0,0.0,0.0,0.0,0.0,0.0,0.0,0.0,0.0,0.0,8.0
aaa016f3c31775dcb0b2d251ba5a86a64355087a,7.0,1.0,0.0,0.0,0.0,0.0,0.0,0.0,0.0,0.0,8.0
aa0b9afff56bf7b4338508a95fe8f23d54a68577,7.0,1.0,0.0,0.0,0.0,0.0,0.0,0.0,0.0,0.0,8.0
9611136439d2ecfe8d8cb259fb652f11c2e1b22c,6.0,2.0,0.0,0.0,0.0,0.0,0.0,0.0,0.0,0.0,8.0
91250c56ae806c3cb534f5c96a291b80af03d4e0,7.0,1.0,0.0,0.0,0.0,0.0,0.0,0.0,0.0,0.0,8.0
8c99e2adb5fb3324a2443ed58c8023ad3101aab7,8.0,0.0,0.0,0.0,0.0,0.0,0.0,0.0,0.0,0.0,8.0
8629eaaa9a495086ffa2798dcdd81bc39c646485,8.0,0.0,0.0,0.0,0.0,0.0,0.0,0.0,0.0,0.0,8.0
846725145442b635044dae6d82b8d7b082702115,8.0,0.0,0.0,0.0,0.0,0.0,0.0,0.0,0.0,0.0,8.0
6f1490ea1e97fe18aa0ca5310f3b2bdfe4ee476c,6.0,2.0,0.0,0.0,0.0,0.0,0.0,0.0,0.0,0.0,8.0
6916f914cb8722387477d0603bef63342f04fab2,3.0,1.0,4.0,0.0,0.0,0.0,0.0,0.0,0.0,0.0,8.0
60614fc531244f9bcc601265dcc4587e477c3f4d,6.0,2.0,0.0,0.0,0.0,0.0,0.0,0.0,0.0,0.0,8.0
5e5fc84e49a3191c2c67929d0abb40b03783ce41,6.0,2.0,0.0,0.0,0.0,0.0,0.0,0.0,0.0,0.0,8.0
590163013599bb8382238e8566581e38777db772,8.0,0.0,0.0,0.0,0.0,0.0,0.0,0.0,0.0,0.0,8.0
56f23ee001d02cf7b0043a4a9b99b302366ee135,7.0,1.0,0.0,0.0,0.0,0.0,0.0,0.0,0.0,0.0,8.0
56154436c5edc618cf55ea40c13289c9b2fac799,7.0,1.0,0.0,0.0,0.0,0.0,0.0,0.0,0.0,0.0,8.0
549d8c5b503d77510462f69af381d343f3d8ad14,6.0,2.0,0.0,0.0,0.0,0.0,0.0,0.0,0.0,0.0,8.0
53bcef40d9d009be2277e42fcb8aa70c10797e1d,7.0,1.0,0.0,0.0,0.0,0.0,0.0,0.0,0.0,0.0,8.0
37ee402e2f09d0e7ebf26a488d0b649e3cb74c33,8.0,0.0,0.0,0.0,0.0,0.0,0.0,0.0,0.0,0.0,8.0
31a4648c9c56a20383034a68e5979daf522aaed0,7.0,1.0,0.0,0.0,0.0,0.0,0.0,0.0,0.0,0.0,8.0
2f417c0c41f35d149a0ed7f10b9530be7e8e8d48,8.0,0.0,0.0,0.0,0.0,0.0,0.0,0.0,0.0,0.0,8.0
2911611385d5213c2483e1e7ccaca3658d2e9c13,7.0,1.0,0.0,0.0,0.0,0.0,0.0,0.0,0.0,0.0,8.0
20059c16d2d66b77e1a57d2ed2445f8b282038ad,8.0,0.0,0.0,0.0,0.0,0.0,0.0,0.0,0.0,0.0,8.0
199acc71cac8b22595c7e38bdff70be3d60c6e89,7.0,1.0,0.0,0.0,0.0,0.0,0.0,0.0,0.0,0.0,8.0
03e1a8b75bfd08a743b9f59925a13fa32dda0efc,8.0,0.0,0.0,0.0,0.0,0.0,0.0,0.0,0.0,0.0,8.0
022d3c724ec2e82464331a1239654692369c44fb,0.0,0.0,0.0,8.0,0.0,0.0,0.0,0.0,0.0,0.0,8.0
00856cfcb4e48d26a28374c9662a95d50e703e8c,8.0,0.0,0.0,0.0,0.0,0.0,0.0,0.0,0.0,0.0,8.0
fde4bd50c7feb71e63a5ad329fb3c4839d1c6949,6.0,1.0,0.0,0.0,0.0,0.0,0.0,0.0,0.0,0.0,7.0
fc1fd7aa748fc074aca04bcc96cda1ddbcaac981,4.0,0.0,3.0,0.0,0.0,0.0,0.0,0.0,0.0,0.0,7.0
f8e64b2ec40813bf67ed3e7510a8af8be81678ec,7.0,0.0,0.0,0.0,0.0,0.0,0.0,0.0,0.0,0.0,7.0
f83772fe68459dd1a8eef383936ef377ba59116f,6.0,1.0,0.0,0.0,0.0,0.0,0.0,0.0,0.0,0.0,7.0
f51f3091309882c10ae2b8a4a59e60593aa2eed4,7.0,0.0,0.0,0.0,0.0,0.0,0.0,0.0,0.0,0.0,7.0
f0d9e1dc736b53ae0d9b5e19a5ccde37af8d30b4,7.0,0.0,0.0,0.0,0.0,0.0,0.0,0.0,0.0,0.0,7.0
f0ae90ac6534c8b07f7b805a95b695b01821a94f,7.0,0.0,0.0,0.0,0.0,0.0,0.0,0.0,0.0,0.0,7.0
ef4182c24e97bf44066f28ad93453c26add09060,6.0,1.0,0.0,0.0,0.0,0.0,0.0,0.0,0.0,0.0,7.0
eea3b898dc96d0d5d23ad6360b073bcba8d59d1d,6.0,1.0,0.0,0.0,0.0,0.0,0.0,0.0,0.0,0.0,7.0
eb2f02d0e505a27856ebb82ccdeafea570672319,6.0,1.0,0.0,0.0,0.0,0.0,0.0,0.0,0.0,0.0,7.0
e88c7e0bc880763244f0667ab96dd8282bdda9b4,0.0,0.0,0.0,0.0,0.0,7.0,0.0,0.0,0.0,0.0,7.0
e48f91f2d5033366517a239b875db47932b7885f,6.0,1.0,0.0,0.0,0.0,0.0,0.0,0.0,0.0,0.0,7.0
dd22efadc5ff98a4e398efcd4f6a8da1dc7e9309,6.0,1.0,0.0,0.0,0.0,0.0,0.0,0.0,0.0,0.0,7.0
dcef96a7250ccd99b5801cc8cbd7f15bd35e97f3,6.0,1.0,0.0,0.0,0.0,0.0,0.0,0.0,0.0,0.0,7.0
dcee31130b7c283bf8091aeeb0f839487a42dc31,7.0,0.0,0.0,0.0,0.0,0.0,0.0,0.0,0.0,0.0,7.0
dbf6d1bb8161c42eacccc16f0678bd174caf9cf8,6.0,1.0,0.0,0.0,0.0,0.0,0.0,0.0,0.0,0.0,7.0
daae7d83eacd3d8fba0ffd42baf1f2766c46c398,7.0,0.0,0.0,0.0,0.0,0.0,0.0,0.0,0.0,0.0,7.0
d2bfe41f51428e9948b1b9770404752b4588a712,6.0,1.0,0.0,0.0,0.0,0.0,0.0,0.0,0.0,0.0,7.0
d16b567178ad125dd46f52448175f38982b73fca,6.0,1.0,0.0,0.0,0.0,0.0,0.0,0.0,0.0,0.0,7.0
cf3875c46397a742b687bff4a47dd06d5f6b603f,5.0,2.0,0.0,0.0,0.0,0.0,0.0,0.0,0.0,0.0,7.0
cbef35d1bfd5d50ee7f9e49d32ea0f0e1596ff28,7.0,0.0,0.0,0.0,0.0,0.0,0.0,0.0,0.0,0.0,7.0
c8d38b9e015b96c0ce76ef83d2811f77e291e51c,6.0,1.0,0.0,0.0,0.0,0.0,0.0,0.0,0.0,0.0,7.0
c6a0966e2f0dcf8f74c8d99f5c3beb8669b873b9,6.0,1.0,0.0,0.0,0.0,0.0,0.0,0.0,0.0,0.0,7.0
c4e0a4b0eae1c2edc554f0273afc31276a088c78,5.0,2.0,0.0,0.0,0.0,0.0,0.0,0.0,0.0,0.0,7.0
c172cac7cc5529839af2e63995024088bb6c3cdc,6.0,1.0,0.0,0.0,0.0,0.0,0.0,0.0,0.0,0.0,7.0
c08ce605555a9da1f7380fd343f4664605c8f9da,6.0,1.0,0.0,0.0,0.0,0.0,0.0,0.0,0.0,0.0,7.0
bd40899acdc8a94585b4f46f050ef20c3f485efd,6.0,1.0,0.0,0.0,0.0,0.0,0.0,0.0,0.0,0.0,7.0
b937fe6cf8e7e418706501eee428862239386a0d,6.0,1.0,0.0,0.0,0.0,0.0,0.0,0.0,0.0,0.0,7.0
b7bdcd53e0e71a6a8a8c41cc60d0334bbfe8a609,6.0,1.0,0.0,0.0,0.0,0.0,0.0,0.0,0.0,0.0,7.0
b330db129c27ce3194e4a5d7cbc1ed00d7aad247,0.0,0.0,7.0,0.0,0.0,0.0,0.0,0.0,0.0,0.0,7.0
b09179f9875d0a61aabdd42ce13d6aec91e17589,6.0,1.0,0.0,0.0,0.0,0.0,0.0,0.0,0.0,0.0,7.0
af504a89d4fe4145a75624a66376e5dc13ac2bed,6.0,1.0,0.0,0.0,0.0,0.0,0.0,0.0,0.0,0.0,7.0
adc40037c15c21d532266a7d8c428eebf86948db,6.0,1.0,0.0,0.0,0.0,0.0,0.0,0.0,0.0,0.0,7.0
ada43ecb051c138838528d9d1b5cf613666d87f2,6.0,1.0,0.0,0.0,0.0,0.0,0.0,0.0,0.0,0.0,7.0
ad40f632ac23e34bae5233872415a87e4f7f66c4,6.0,1.0,0.0,0.0,0.0,0.0,0.0,0.0,0.0,0.0,7.0
aacab513c921638db1cde08bfb96dd256cadb9a6,7.0,0.0,0.0,0.0,0.0,0.0,0.0,0.0,0.0,0.0,7.0
a92d3d4b9e34db1694a6b828c6fa219fba43a538,6.0,1.0,0.0,0.0,0.0,0.0,0.0,0.0,0.0,0.0,7.0
a758aa97d662ba3a0bd31ed97bc7cc819bc996e0,6.0,1.0,0.0,0.0,0.0,0.0,0.0,0.0,0.0,0.0,7.0
a61f09192b976392f3bcb59666251c59b0703590,7.0,0.0,0.0,0.0,0.0,0.0,0.0,0.0,0.0,0.0,7.0
a590f2b93db345f0f511de1191e97ab266305f53,6.0,1.0,0.0,0.0,0.0,0.0,0.0,0.0,0.0,0.0,7.0
a3a43571431b1896bc882cdb9af29e304b4e4898,6.0,1.0,0.0,0.0,0.0,0.0,0.0,0.0,0.0,0.0,7.0
a283407d7ca2130feaab2ae8f3460dcca930b0dd,0.0,0.0,0.0,7.0,0.0,0.0,0.0,0.0,0.0,0.0,7.0
a1f1d019cbb75c1c56b4f796d19b151fd727e42f,6.0,1.0,0.0,0.0,0.0,0.0,0.0,0.0,0.0,0.0,7.0
a0334b2b39b6d39aebdaefa67a225a0f8d6b6861,6.0,1.0,0.0,0.0,0.0,0.0,0.0,0.0,0.0,0.0,7.0
9e97428b33021e4bae6f018e90e5d8d4b11b7e80,6.0,1.0,0.0,0.0,0.0,0.0,0.0,0.0,0.0,0.0,7.0
9c194f4c45bc19b1724b429da9d4c74e5a85bfde,6.0,1.0,0.0,0.0,0.0,0.0,0.0,0.0,0.0,0.0,7.0
9b1cc7c39fac3b53b057ca849c6a79682a959d7a,0.0,0.0,7.0,0.0,0.0,0.0,0.0,0.0,0.0,0.0,7.0
9af4434b26e8d7d03b11bd141f5b5fde0e35a090,7.0,0.0,0.0,0.0,0.0,0.0,0.0,0.0,0.0,0.0,7.0
9ad68f5dc1d4d0f17c5aeb099beb3fc750fd11fd,7.0,0.0,0.0,0.0,0.0,0.0,0.0,0.0,0.0,0.0,7.0
97cb54615db6c44f616ea8e1647fd8bbbf264dfa,0.0,0.0,7.0,0.0,0.0,0.0,0.0,0.0,0.0,0.0,7.0
9786ab01136d4005221eccf111204433bbd036a5,6.0,1.0,0.0,0.0,0.0,0.0,0.0,0.0,0.0,0.0,7.0
91c292e185c9cc68c6c3943ba3c4e8ac0241fd45,6.0,1.0,0.0,0.0,0.0,0.0,0.0,0.0,0.0,0.0,7.0
9020f9e3cca392d4b491a322e53b33be07507e2d,6.0,1.0,0.0,0.0,0.0,0.0,0.0,0.0,0.0,0.0,7.0
8eef63d396f768790eb1691ebaf0cf022809302a,7.0,0.0,0.0,0.0,0.0,0.0,0.0,0.0,0.0,0.0,7.0
8e4d0310a199423ff98dc4a5cade38e113bd13b0,6.0,1.0,0.0,0.0,0.0,0.0,0.0,0.0,0.0,0.0,7.0
8e3b6fdc65fc103178da215b596a0d3d23c02880,3.0,0.0,4.0,0.0,0.0,0.0,0.0,0.0,0.0,0.0,7.0
8927f7ea847e2b0a32829ff31fd55d5da7b14c25,6.0,1.0,0.0,0.0,0.0,0.0,0.0,0.0,0.0,0.0,7.0
83447d069ad776b4b57fc32f6f3f1841dcf9b807,6.0,1.0,0.0,0.0,0.0,0.0,0.0,0.0,0.0,0.0,7.0
814f72ce58b56d446a8af4990ad9ebbc6276a3f6,6.0,1.0,0.0,0.0,0.0,0.0,0.0,0.0,0.0,0.0,7.0
7f48f77d46cbf345d01b0532eed777f31a9eca05,7.0,0.0,0.0,0.0,0.0,0.0,0.0,0.0,0.0,0.0,7.0
7e73999ccdae2cb490829cf176e51c564f54625e,6.0,1.0,0.0,0.0,0.0,0.0,0.0,0.0,0.0,0.0,7.0
7a28738a9cd700ac242ff7381f42fae3e2750dea,7.0,0.0,0.0,0.0,0.0,0.0,0.0,0.0,0.0,0.0,7.0
785cdab09b1581e066b53c4073f85c8e155d5879,5.0,2.0,0.0,0.0,0.0,0.0,0.0,0.0,0.0,0.0,7.0
7534e6cb80521b05525c47f8784fc6d654fdefcc,6.0,1.0,0.0,0.0,0.0,0.0,0.0,0.0,0.0,0.0,7.0
742d23c0759b57a652b9a4f2e81282e076c4828c,6.0,1.0,0.0,0.0,0.0,0.0,0.0,0.0,0.0,0.0,7.0
7391d026eb7dabf19b93b01d1da77f8d34b6625d,6.0,1.0,0.0,0.0,0.0,0.0,0.0,0.0,0.0,0.0,7.0
6cc1a5153d82095c18208e7e3d71004627eeef72,6.0,1.0,0.0,0.0,0.0,0.0,0.0,0.0,0.0,0.0,7.0
6aa91affe56d27096d355e77ed6625a53ed988e5,5.0,2.0,0.0,0.0,0.0,0.0,0.0,0.0,0.0,0.0,7.0
6996d5a23a04776d4604d196e7f45a743cdc35b6,6.0,1.0,0.0,0.0,0.0,0.0,0.0,0.0,0.0,0.0,7.0
68e626e5bf3a34e3ec8bd91c43f47e9c0041d3b0,7.0,0.0,0.0,0.0,0.0,0.0,0.0,0.0,0.0,0.0,7.0
68179c17b0ac4daf0af2678095d3287d339a5544,6.0,1.0,0.0,0.0,0.0,0.0,0.0,0.0,0.0,0.0,7.0
66b22193865b8a0b8fa18fc5b3e32873449014da,7.0,0.0,0.0,0.0,0.0,0.0,0.0,0.0,0.0,0.0,7.0
64bc907ce59671735a273f2beb77952135fe33ca,6.0,1.0,0.0,0.0,0.0,0.0,0.0,0.0,0.0,0.0,7.0
6459e1b2f25951bf372eab9be102d7aefaaa57cb,6.0,1.0,0.0,0.0,0.0,0.0,0.0,0.0,0.0,0.0,7.0
6391c46b850229f0fa10d29c6f0c5c425da9a7fe,6.0,1.0,0.0,0.0,0.0,0.0,0.0,0.0,0.0,0.0,7.0
61c8faf47efaa298a8bb93c13cd5c2cc46cf1cf1,6.0,1.0,0.0,0.0,0.0,0.0,0.0,0.0,0.0,0.0,7.0
5ebfc349ea92ceedf5f8bf39f81de6ea2de419d0,6.0,1.0,0.0,0.0,0.0,0.0,0.0,0.0,0.0,0.0,7.0
5e251f1c86dae9962d4e5d9b1f00ca5e092ae760,6.0,1.0,0.0,0.0,0.0,0.0,0.0,0.0,0.0,0.0,7.0
5a9b2ed7539fa8f465af611b940b0889b257391e,6.0,1.0,0.0,0.0,0.0,0.0,0.0,0.0,0.0,0.0,7.0
5567e8e39054e22c5f6724c2b688216c772edbfa,7.0,0.0,0.0,0.0,0.0,0.0,0.0,0.0,0.0,0.0,7.0
540d87a672af3c2bdf11ce112f163575083b5e51,7.0,0.0,0.0,0.0,0.0,0.0,0.0,0.0,0.0,0.0,7.0
51bc1415501b0eb3311197dc4f48a3cb020ed382,7.0,0.0,0.0,0.0,0.0,0.0,0.0,0.0,0.0,0.0,7.0
50f761778d5b9162d0733c30b51ab9ed230c515a,6.0,1.0,0.0,0.0,0.0,0.0,0.0,0.0,0.0,0.0,7.0
4ec0450cd8c648f553002a010278e8d533f1be62,6.0,1.0,0.0,0.0,0.0,0.0,0.0,0.0,0.0,0.0,7.0
4e8fd670b2afd10b3a55b17bc8d8d66128bc66d4,0.0,0.0,0.0,7.0,0.0,0.0,0.0,0.0,0.0,0.0,7.0
4e1058aab29432ff7575106b716836e01ed36326,7.0,0.0,0.0,0.0,0.0,0.0,0.0,0.0,0.0,0.0,7.0
4825973ef70262b50572c64eccd42eef4215b049,6.0,1.0,0.0,0.0,0.0,0.0,0.0,0.0,0.0,0.0,7.0
48189ba3a1cd206c9c8d5894b5a7a5605ddc5662,0.0,0.0,0.0,7.0,0.0,0.0,0.0,0.0,0.0,0.0,7.0
466e5dcd61b54908c0b74d73c818bbf6ce68fd47,6.0,1.0,0.0,0.0,0.0,0.0,0.0,0.0,0.0,0.0,7.0
452c1402034e0bafa5fbe512ba4e98eb3625e91f,6.0,1.0,0.0,0.0,0.0,0.0,0.0,0.0,0.0,0.0,7.0
431f9e9b7966419e6d135584feb0339449a318c9,7.0,0.0,0.0,0.0,0.0,0.0,0.0,0.0,0.0,0.0,7.0
430131ffd6b202d478d34126fceec20b2e733914,0.0,0.0,7.0,0.0,0.0,0.0,0.0,0.0,0.0,0.0,7.0
3fd8b8c77e4aa02142ab9223d4e1803d2d7ced66,7.0,0.0,0.0,0.0,0.0,0.0,0.0,0.0,0.0,0.0,7.0
3a689f46146a8d5dc23c3c4324cf1a153e196f01,7.0,0.0,0.0,0.0,0.0,0.0,0.0,0.0,0.0,0.0,7.0
39e2951d64b60c89382bbed200ecf1a1367bfae2,7.0,0.0,0.0,0.0,0.0,0.0,0.0,0.0,0.0,0.0,7.0
396ce987264bf8ab699721de8def43e07e4162f6,6.0,1.0,0.0,0.0,0.0,0.0,0.0,0.0,0.0,0.0,7.0
38a94d0a3fda5f1f4ea941f9c0e1c6dd47222e37,7.0,0.0,0.0,0.0,0.0,0.0,0.0,0.0,0.0,0.0,7.0
37c10f2bfa3098a3f1c7a35bca5ca485fa56ce95,7.0,0.0,0.0,0.0,0.0,0.0,0.0,0.0,0.0,0.0,7.0
36977eda5733e60c5adc079ec319002cd3b278a7,7.0,0.0,0.0,0.0,0.0,0.0,0.0,0.0,0.0,0.0,7.0
367c5d73300769e56da1f77368bc5497e179a363,7.0,0.0,0.0,0.0,0.0,0.0,0.0,0.0,0.0,0.0,7.0
361ddd8200f50e25baa09bf47625e3ef75ecad3e,6.0,1.0,0.0,0.0,0.0,0.0,0.0,0.0,0.0,0.0,7.0
360b4673357a50f7e946a9e82cd436abdbc1ddc6,6.0,1.0,0.0,0.0,0.0,0.0,0.0,0.0,0.0,0.0,7.0
3072671c7555a661325096b99f152931c85887a7,6.0,1.0,0.0,0.0,0.0,0.0,0.0,0.0,0.0,0.0,7.0
2f1dbda1196e92044a6fc55dd2c023ea42f5197e,6.0,1.0,0.0,0.0,0.0,0.0,0.0,0.0,0.0,0.0,7.0
288f61a66ff5e711cd77efd4b11e31c1bd71b9b9,6.0,1.0,0.0,0.0,0.0,0.0,0.0,0.0,0.0,0.0,7.0
24b34d56cb1b7e05701bb8b44f65ce7662e71a14,6.0,1.0,0.0,0.0,0.0,0.0,0.0,0.0,0.0,0.0,7.0
23dbd80523fdf1074c82a5dc790065fc18536084,6.0,1.0,0.0,0.0,0.0,0.0,0.0,0.0,0.0,0.0,7.0
23c907a87b34e43e9084c7711552b86308682cab,6.0,1.0,0.0,0.0,0.0,0.0,0.0,0.0,0.0,0.0,7.0
22a29a705af45a675e2e598302c789a5aa78cdf1,6.0,1.0,0.0,0.0,0.0,0.0,0.0,0.0,0.0,0.0,7.0
1b78a4ceb83f8df372fc6f9caccc6d4695c61eec,6.0,1.0,0.0,0.0,0.0,0.0,0.0,0.0,0.0,0.0,7.0
1b5946f2fce6564482049a7940e173e73abefe40,6.0,1.0,0.0,0.0,0.0,0.0,0.0,0.0,0.0,0.0,7.0
1a54f300de495436553979c1ded5fd41b8b3ef6c,6.0,1.0,0.0,0.0,0.0,0.0,0.0,0.0,0.0,0.0,7.0
19a3ba58e405037202984cd18f857c92c7da1811,7.0,0.0,0.0,0.0,0.0,0.0,0.0,0.0,0.0,0.0,7.0
1892a6b16cbe7c8eb7733d09bd0fdbc8b94d65ec,6.0,1.0,0.0,0.0,0.0,0.0,0.0,0.0,0.0,0.0,7.0
186992a61406017fc0323eaa49b20a6d1226be1d,7.0,0.0,0.0,0.0,0.0,0.0,0.0,0.0,0.0,0.0,7.0
17c763dd06f7a40a6ede92256c7a918e337784c9,6.0,1.0,0.0,0.0,0.0,0.0,0.0,0.0,0.0,0.0,7.0
1680d4bf63a066a61a546c7a5573395058d74317,6.0,1.0,0.0,0.0,0.0,0.0,0.0,0.0,0.0,0.0,7.0
0d9d0c181c8823377fdb6804578d1884a9770afc,6.0,1.0,0.0,0.0,0.0,0.0,0.0,0.0,0.0,0.0,7.0
0a6364d71b93c91dbf1960281956ddcb5d210314,6.0,1.0,0.0,0.0,0.0,0.0,0.0,0.0,0.0,0.0,7.0
05efd51c3fedc9d0da8a9fb3cb2709286b87d33f,6.0,1.0,0.0,0.0,0.0,0.0,0.0,0.0,0.0,0.0,7.0
046589546923754e60524194e2d9f89df35da4b7,5.0,2.0,0.0,0.0,0.0,0.0,0.0,0.0,0.0,0.0,7.0
020356dca701031a737ab295f5aa81aeed9c1a1d,6.0,1.0,0.0,0.0,0.0,0.0,0.0,0.0,0.0,0.0,7.0
fea3013bbf0e83482da6a23d030f4a9b930d6c7c,5.0,1.0,0.0,0.0,0.0,0.0,0.0,0.0,0.0,0.0,6.0
fb3bfb905a6b4d6db50183f7b1f6ccd435cb64d2,6.0,0.0,0.0,0.0,0.0,0.0,0.0,0.0,0.0,0.0,6.0
f86f512e615695df460ceec15d9f2fa16ce16db4,6.0,0.0,0.0,0.0,0.0,0.0,0.0,0.0,0.0,0.0,6.0
f658b142824690772f7aeea8140c57c1e6251b2a,6.0,0.0,0.0,0.0,0.0,0.0,0.0,0.0,0.0,0.0,6.0
f5a6f8fbb4888f2f4d483a2bb4a03b2d65c0e447,6.0,0.0,0.0,0.0,0.0,0.0,0.0,0.0,0.0,0.0,6.0
f4bddf6ef7efc5b3c53390da700d6146ba7534ea,5.0,1.0,0.0,0.0,0.0,0.0,0.0,0.0,0.0,0.0,6.0
ed73b94da194b388ea2bac9209c7b0354ddd21e1,6.0,0.0,0.0,0.0,0.0,0.0,0.0,0.0,0.0,0.0,6.0
ece34d147e874823edd0d46d3c6799d5f69b8c88,6.0,0.0,0.0,0.0,0.0,0.0,0.0,0.0,0.0,0.0,6.0
ea7380a375e92af281847d318c684974cb974a6a,6.0,0.0,0.0,0.0,0.0,0.0,0.0,0.0,0.0,0.0,6.0
e8da18e2be7d9145c17631f32ceb32437ddd60dc,6.0,0.0,0.0,0.0,0.0,0.0,0.0,0.0,0.0,0.0,6.0
e6da8910f4b9a5ad87a1097b3d785b598456e06e,6.0,0.0,0.0,0.0,0.0,0.0,0.0,0.0,0.0,0.0,6.0
e4dd5ec1bc11e189a08934fbd01ebccb16eb7d37,6.0,0.0,0.0,0.0,0.0,0.0,0.0,0.0,0.0,0.0,6.0
e3679890c89454bf980acbc502f6d13c02790d4b,6.0,0.0,0.0,0.0,0.0,0.0,0.0,0.0,0.0,0.0,6.0
e18573009a4f9d96ba52593272d561a9022b0513,6.0,0.0,0.0,0.0,0.0,0.0,0.0,0.0,0.0,0.0,6.0
de2820d6dfc05af7ea3ad2303aa287723dc28348,6.0,0.0,0.0,0.0,0.0,0.0,0.0,0.0,0.0,0.0,6.0
ddd88aaf2065f65242aadb763e3dde789616a8d2,6.0,0.0,0.0,0.0,0.0,0.0,0.0,0.0,0.0,0.0,6.0
dd67cb516bfd24c9666d1e19087d13ccfe0faa45,5.0,1.0,0.0,0.0,0.0,0.0,0.0,0.0,0.0,0.0,6.0
d972a37a1a49c220416421169efc97a8b1aa2bf8,6.0,0.0,0.0,0.0,0.0,0.0,0.0,0.0,0.0,0.0,6.0
d94b439ac875d8e38dcf53f8fa7a4ee49d8e2a2e,6.0,0.0,0.0,0.0,0.0,0.0,0.0,0.0,0.0,0.0,6.0
d73d870b0882c4ab9d30e948a716049cecfddb5d,6.0,0.0,0.0,0.0,0.0,0.0,0.0,0.0,0.0,0.0,6.0
d40a2dcf36d5a7dc12262471c418fe6f6f949b2a,5.0,1.0,0.0,0.0,0.0,0.0,0.0,0.0,0.0,0.0,6.0
d0fab36c594712d30278427fbe9ed63fb3591022,5.0,1.0,0.0,0.0,0.0,0.0,0.0,0.0,0.0,0.0,6.0
ce0dd2f81022a7af94136a5ac0066df146945491,5.0,1.0,0.0,0.0,0.0,0.0,0.0,0.0,0.0,0.0,6.0
c661ab4e4b7e5ac0bdfbe6fb38efb2b46c2402c1,0.0,0.0,6.0,0.0,0.0,0.0,0.0,0.0,0.0,0.0,6.0
c412d6ee6e41f11cd64a17df3b3f76aa96c66994,6.0,0.0,0.0,0.0,0.0,0.0,0.0,0.0,0.0,0.0,6.0
c319a838f702796407c343dc15c5836f917f6c1a,6.0,0.0,0.0,0.0,0.0,0.0,0.0,0.0,0.0,0.0,6.0
c01418492af8d2703b9717dd2d7964a2fe4f9fff,6.0,0.0,0.0,0.0,0.0,0.0,0.0,0.0,0.0,0.0,6.0
bf8f5d03bb67a15f316778c2135b9a2657efb770,5.0,1.0,0.0,0.0,0.0,0.0,0.0,0.0,0.0,0.0,6.0
bc8be471bb0f45be7cf21e758d2e7063f6a22ec4,6.0,0.0,0.0,0.0,0.0,0.0,0.0,0.0,0.0,0.0,6.0
bc50ddfa09bb268608b5d1b8a6450cb77448fc72,6.0,0.0,0.0,0.0,0.0,0.0,0.0,0.0,0.0,0.0,6.0
bb6ec70f5bd83aa313791ec2bf8f0cb1c9d0ffc1,6.0,0.0,0.0,0.0,0.0,0.0,0.0,0.0,0.0,0.0,6.0
b9775d63739b52e741649c86325ebf813f242de5,5.0,1.0,0.0,0.0,0.0,0.0,0.0,0.0,0.0,0.0,6.0
b65340f45a73c137dab1875c39e12a7298cd9b56,6.0,0.0,0.0,0.0,0.0,0.0,0.0,0.0,0.0,0.0,6.0
b497f61d4ddb6fc57488880bb60372220b39bce9,6.0,0.0,0.0,0.0,0.0,0.0,0.0,0.0,0.0,0.0,6.0
b27ad70b9217822edf8be6112fdb17cfef99ccb7,6.0,0.0,0.0,0.0,0.0,0.0,0.0,0.0,0.0,0.0,6.0
afb0f33e04c9807b9491d4c9f993c8b546fd22d3,5.0,1.0,0.0,0.0,0.0,0.0,0.0,0.0,0.0,0.0,6.0
abe8ee104553567f5e37bdaac4dc5847cb063670,6.0,0.0,0.0,0.0,0.0,0.0,0.0,0.0,0.0,0.0,6.0
a5de0d380125d3fde44dc3ddf26b2f1b292fd5cc,5.0,1.0,0.0,0.0,0.0,0.0,0.0,0.0,0.0,0.0,6.0
a557ecec645bd5e03561179529d5d265c0410d05,6.0,0.0,0.0,0.0,0.0,0.0,0.0,0.0,0.0,0.0,6.0
a3e6d0c5f1e0cfe40f88a77134f3873c4e595dc6,6.0,0.0,0.0,0.0,0.0,0.0,0.0,0.0,0.0,0.0,6.0
a3cdd1b418c6841bdfc406d975234149841a7596,5.0,1.0,0.0,0.0,0.0,0.0,0.0,0.0,0.0,0.0,6.0
98c32190488e2bef018b8b55f6b83339fc37386e,6.0,0.0,0.0,0.0,0.0,0.0,0.0,0.0,0.0,0.0,6.0
97063ac64a31276211a21a887a425f9073383d05,0.0,0.0,0.0,0.0,0.0,6.0,0.0,0.0,0.0,0.0,6.0
94a330fc06b6fe2a6043a1870b2a67c8cc586617,5.0,1.0,0.0,0.0,0.0,0.0,0.0,0.0,0.0,0.0,6.0
9149329c598ffce597969b7994df4a9cb649ca11,6.0,0.0,0.0,0.0,0.0,0.0,0.0,0.0,0.0,0.0,6.0
8fad36a47e83e3d96a5bfac584622e37affb8042,6.0,0.0,0.0,0.0,0.0,0.0,0.0,0.0,0.0,0.0,6.0
8e629c50968c54e5d47b65d6dccbcbdd79872724,6.0,0.0,0.0,0.0,0.0,0.0,0.0,0.0,0.0,0.0,6.0
8e4970516e2d265e64de5e9fe85003694f75d728,0.0,0.0,6.0,0.0,0.0,0.0,0.0,0.0,0.0,0.0,6.0
8dc32e8f4f19f5b17abea70752770afbbe0ff91b,6.0,0.0,0.0,0.0,0.0,0.0,0.0,0.0,0.0,0.0,6.0
8a279e3e38d1719f2435492294ce13886e7ff9d8,6.0,0.0,0.0,0.0,0.0,0.0,0.0,0.0,0.0,0.0,6.0
862f939438ffeebbba621998e109145a20af90dc,6.0,0.0,0.0,0.0,0.0,0.0,0.0,0.0,0.0,0.0,6.0
83c6d96f8ba3b50128504a419810e874b16bad40,0.0,0.0,0.0,0.0,0.0,6.0,0.0,0.0,0.0,0.0,6.0
81876e9ad376a195d1d71984c1e899e628b19cc4,5.0,1.0,0.0,0.0,0.0,0.0,0.0,0.0,0.0,0.0,6.0
805e4e58181fc19bb0a667daef08a1ff9f0e58b8,6.0,0.0,0.0,0.0,0.0,0.0,0.0,0.0,0.0,0.0,6.0
7fc811a76eb3a7fdf05b327f1411df8478426c62,5.0,1.0,0.0,0.0,0.0,0.0,0.0,0.0,0.0,0.0,6.0
7abdddbaaa0a73f0608d14fcea2994d3049d7edf,6.0,0.0,0.0,0.0,0.0,0.0,0.0,0.0,0.0,0.0,6.0
7a6ee43390e0f3ce68c72e5ff92dc749c6aac628,5.0,1.0,0.0,0.0,0.0,0.0,0.0,0.0,0.0,0.0,6.0
79c3d3166a711b4af4f49a3ec0f128d83da3431d,4.0,2.0,0.0,0.0,0.0,0.0,0.0,0.0,0.0,0.0,6.0
78fa9080500013348f41bea48123bac388352947,6.0,0.0,0.0,0.0,0.0,0.0,0.0,0.0,0.0,0.0,6.0
73c3134cecd37a1849bc5cbb82243d8c328086e5,6.0,0.0,0.0,0.0,0.0,0.0,0.0,0.0,0.0,0.0,6.0
6edba0cd1d9ca5f90037552bfb818500fa749f52,6.0,0.0,0.0,0.0,0.0,0.0,0.0,0.0,0.0,0.0,6.0
6e9f4264e9ed7cb60394c0e433f486207d084818,6.0,0.0,0.0,0.0,0.0,0.0,0.0,0.0,0.0,0.0,6.0
69e8a95fe66d9a3c3ce641392e99fcb9873a0e1f,6.0,0.0,0.0,0.0,0.0,0.0,0.0,0.0,0.0,0.0,6.0
68cd0500dd53a874f43ce3539e8637cd8574d094,6.0,0.0,0.0,0.0,0.0,0.0,0.0,0.0,0.0,0.0,6.0
61c2eb703b8d649b3e8192cba28373194a0854c3,6.0,0.0,0.0,0.0,0.0,0.0,0.0,0.0,0.0,0.0,6.0
606011082e53e3b6aa4b30c4594f8fd115d739ff,6.0,0.0,0.0,0.0,0.0,0.0,0.0,0.0,0.0,0.0,6.0
5f927273b94b156122db9cc0f863a0de74e9e3c6,5.0,1.0,0.0,0.0,0.0,0.0,0.0,0.0,0.0,0.0,6.0
5af2890a5afc92131bc0101eea5a616838b93881,6.0,0.0,0.0,0.0,0.0,0.0,0.0,0.0,0.0,0.0,6.0
5a5323aaa898e5f94eae12f6e021a2c5264cb105,6.0,0.0,0.0,0.0,0.0,0.0,0.0,0.0,0.0,0.0,6.0
5a41c603765d2c5ec9b6e76079d9416cf635557f,6.0,0.0,0.0,0.0,0.0,0.0,0.0,0.0,0.0,0.0,6.0
57121c27a1e1335b46d3e26cea4908564aafaf7b,6.0,0.0,0.0,0.0,0.0,0.0,0.0,0.0,0.0,0.0,6.0
49dbc681ed6b091287f1a26fe42418c23e896731,0.0,0.0,6.0,0.0,0.0,0.0,0.0,0.0,0.0,0.0,6.0
42da8bf8fb8de5fe827e094e494415b8f552055c,5.0,1.0,0.0,0.0,0.0,0.0,0.0,0.0,0.0,0.0,6.0
42a9650569481c26128c078bcfbee83d1def1dba,0.0,0.0,0.0,0.0,0.0,6.0,0.0,0.0,0.0,0.0,6.0
3f2df042e28018abe5b6d6afdd898d87e0fc5701,6.0,0.0,0.0,0.0,0.0,0.0,0.0,0.0,0.0,0.0,6.0
3f2546343994b2fa260728a3a4dfef2e119df46e,6.0,0.0,0.0,0.0,0.0,0.0,0.0,0.0,0.0,0.0,6.0
3e9a6206073cef24ee1300fefb10eb50317cfcfb,0.0,0.0,6.0,0.0,0.0,0.0,0.0,0.0,0.0,0.0,6.0
3cf16ee2328eb831ee3a684361db1f59c658173b,6.0,0.0,0.0,0.0,0.0,0.0,0.0,0.0,0.0,0.0,6.0
3c7e20d970d31f9e36aacf2908b57e4f2b54cc13,6.0,0.0,0.0,0.0,0.0,0.0,0.0,0.0,0.0,0.0,6.0
3560d16bd1a079363d1f974ef005e3018f89ebf1,6.0,0.0,0.0,0.0,0.0,0.0,0.0,0.0,0.0,0.0,6.0
351306555c1aa4127095002ba63e9638cf169b0a,0.0,0.0,0.0,0.0,6.0,0.0,0.0,0.0,0.0,0.0,6.0
28c2af53768acc9dab496f836e5e703b323e5a5c,5.0,1.0,0.0,0.0,0.0,0.0,0.0,0.0,0.0,0.0,6.0
28b0b7def9bd4b31f0855db2ca18a2a9c7ac6678,5.0,1.0,0.0,0.0,0.0,0.0,0.0,0.0,0.0,0.0,6.0
2890d22801757557874baa597d72f9a01055ca08,6.0,0.0,0.0,0.0,0.0,0.0,0.0,0.0,0.0,0.0,6.0
286a31062ca2467080d6d684bb9eb497eed120b0,6.0,0.0,0.0,0.0,0.0,0.0,0.0,0.0,0.0,0.0,6.0
2176f1604f715f01d75442b756c2659a14048933,6.0,0.0,0.0,0.0,0.0,0.0,0.0,0.0,0.0,0.0,6.0
21216bf640ee1f9eebed9c3ae4de49e4889c1b94,6.0,0.0,0.0,0.0,0.0,0.0,0.0,0.0,0.0,0.0,6.0
194d2e20fb7866f0befdaf060726bea36a4c3052,5.0,1.0,0.0,0.0,0.0,0.0,0.0,0.0,0.0,0.0,6.0
192e016d1de25f51c9d132b0db76ea4b541d747d,6.0,0.0,0.0,0.0,0.0,0.0,0.0,0.0,0.0,0.0,6.0
13557392d84043766d3739b4c0cbc7727db8ee08,5.0,1.0,0.0,0.0,0.0,0.0,0.0,0.0,0.0,0.0,6.0
0ed2b178acb64cd1f77b570e3146ba2fe1dcf249,5.0,1.0,0.0,0.0,0.0,0.0,0.0,0.0,0.0,0.0,6.0
0d658baacb5b105cc8bc3226757c104a4e9076a0,6.0,0.0,0.0,0.0,0.0,0.0,0.0,0.0,0.0,0.0,6.0
08ca5ad8401ad5bf84707424ecbaad82b4b059f5,6.0,0.0,0.0,0.0,0.0,0.0,0.0,0.0,0.0,0.0,6.0
07d9c13df777fd2b29d3a98f4966227f04f0442f,5.0,1.0,0.0,0.0,0.0,0.0,0.0,0.0,0.0,0.0,6.0
050533f3e961ea8f469e7fb0d4d0297fd7a91ae5,6.0,0.0,0.0,0.0,0.0,0.0,0.0,0.0,0.0,0.0,6.0
036ddbf041bee3e5bdfcd783701c16ba1f75ccef,6.0,0.0,0.0,0.0,0.0,0.0,0.0,0.0,0.0,0.0,6.0
02bb6b054f5209e707c76d324d4ff6784edc7773,6.0,0.0,0.0,0.0,0.0,0.0,0.0,0.0,0.0,0.0,6.0
fead229a6dafda26c5d306a59e02c524b8793194,5.0,0.0,0.0,0.0,0.0,0.0,0.0,0.0,0.0,0.0,5.0
f8997e08fb19c9897f47ab98919f3e2789053ef8,5.0,0.0,0.0,0.0,0.0,0.0,0.0,0.0,0.0,0.0,5.0
f4585b6a6040bd426fdf4f5dca06d2c1e3f283a1,5.0,0.0,0.0,0.0,0.0,0.0,0.0,0.0,0.0,0.0,5.0
ec69d4fa9686654c600ab0061b5802d9ac9f71a5,5.0,0.0,0.0,0.0,0.0,0.0,0.0,0.0,0.0,0.0,5.0
e8607941f4c746ee763206e22ad45620dd0d46e3,5.0,0.0,0.0,0.0,0.0,0.0,0.0,0.0,0.0,0.0,5.0
e85c9e962425936b5b4b0f94254043e245fa54fb,5.0,0.0,0.0,0.0,0.0,0.0,0.0,0.0,0.0,0.0,5.0
e2d44f9ae4816ffd3da47554dae8f6659ab2fc05,5.0,0.0,0.0,0.0,0.0,0.0,0.0,0.0,0.0,0.0,5.0
e10cffb5c8b6581263bc305ce88936cd15335439,5.0,0.0,0.0,0.0,0.0,0.0,0.0,0.0,0.0,0.0,5.0
e0a97885636b498d800731d72b6198bd794af10a,4.0,1.0,0.0,0.0,0.0,0.0,0.0,0.0,0.0,0.0,5.0
df0cea034969e2cf7a25c332b6e408258a288fed,5.0,0.0,0.0,0.0,0.0,0.0,0.0,0.0,0.0,0.0,5.0
d91ebd9240038dba559f1140e19ab89a024e69f8,5.0,0.0,0.0,0.0,0.0,0.0,0.0,0.0,0.0,0.0,5.0
cdcc2d59fc0e892e2295f161024731f55feab7ec,4.0,1.0,0.0,0.0,0.0,0.0,0.0,0.0,0.0,0.0,5.0
cd196bb41a0769ea4ec1307ba566cf4a94dcff59,5.0,0.0,0.0,0.0,0.0,0.0,0.0,0.0,0.0,0.0,5.0
cb7f251bfe611f007bb99d3990fc0387807a2610,5.0,0.0,0.0,0.0,0.0,0.0,0.0,0.0,0.0,0.0,5.0
bd11baf4d03e3fef0cb8aa2eda88411662cd8c57,5.0,0.0,0.0,0.0,0.0,0.0,0.0,0.0,0.0,0.0,5.0
bb3b501a79010a09a3ff42b71e9eb6122b14de94,4.0,1.0,0.0,0.0,0.0,0.0,0.0,0.0,0.0,0.0,5.0
baa3f43f95f5b5dbcfc082e7e311b06d46e1c70e,5.0,0.0,0.0,0.0,0.0,0.0,0.0,0.0,0.0,0.0,5.0
b30c4a23af8f05f742e5efe758bc35dc80e8a515,5.0,0.0,0.0,0.0,0.0,0.0,0.0,0.0,0.0,0.0,5.0
b1b426d741393c80ebd01deba6d54c23c83f006b,5.0,0.0,0.0,0.0,0.0,0.0,0.0,0.0,0.0,0.0,5.0
a75ccf15ef1e4e6ca7a4a1a97d79e8d3e30eadfe,5.0,0.0,0.0,0.0,0.0,0.0,0.0,0.0,0.0,0.0,5.0
93f90b1ccd64cc1d50d967edb21673229bd8b62b,5.0,0.0,0.0,0.0,0.0,0.0,0.0,0.0,0.0,0.0,5.0
92779c9246d88d40655636d77308504faabc89ad,5.0,0.0,0.0,0.0,0.0,0.0,0.0,0.0,0.0,0.0,5.0
91da661495c7f1f556d7689b826aeae46883ceaf,5.0,0.0,0.0,0.0,0.0,0.0,0.0,0.0,0.0,0.0,5.0
89ca195bf5937acd5566ef1562630baddf8944e8,4.0,1.0,0.0,0.0,0.0,0.0,0.0,0.0,0.0,0.0,5.0
8343deabc7fb0130d20730fdc31e0fc67257de7c,5.0,0.0,0.0,0.0,0.0,0.0,0.0,0.0,0.0,0.0,5.0
7bc344e392795065e15379704a5d4eccc5825bb1,5.0,0.0,0.0,0.0,0.0,0.0,0.0,0.0,0.0,0.0,5.0
769d7b4a93978e020558c753bc8403b755ad5a0c,5.0,0.0,0.0,0.0,0.0,0.0,0.0,0.0,0.0,0.0,5.0
75e3f5fe4e022a4fa1db39c5916ce2966c4a2b7e,5.0,0.0,0.0,0.0,0.0,0.0,0.0,0.0,0.0,0.0,5.0
6a7daa38e36c12fb35729de25976e1e10e2ed1d6,0.0,0.0,0.0,0.0,5.0,0.0,0.0,0.0,0.0,0.0,5.0
65913632e213b1bd2ba2a827eebffb29e98bfdab,5.0,0.0,0.0,0.0,0.0,0.0,0.0,0.0,0.0,0.0,5.0
586c13910404ccf290f919aa64babff6a4e6ef19,5.0,0.0,0.0,0.0,0.0,0.0,0.0,0.0,0.0,0.0,5.0
51f6e9654ec7058ddde6d1dc74bb262e125365e1,4.0,1.0,0.0,0.0,0.0,0.0,0.0,0.0,0.0,0.0,5.0
4b4ef280a31f99b677b66f1fc0e5eafaaf423aeb,5.0,0.0,0.0,0.0,0.0,0.0,0.0,0.0,0.0,0.0,5.0
4a7ff29560f57cd7a7aa7768dea0ace890d49f7b,5.0,0.0,0.0,0.0,0.0,0.0,0.0,0.0,0.0,0.0,5.0
49d074577bd2da42c96a9e0db56789540b392fbc,5.0,0.0,0.0,0.0,0.0,0.0,0.0,0.0,0.0,0.0,5.0
38712ad0af3d03475215c2dbd38bcf2ec1b59077,5.0,0.0,0.0,0.0,0.0,0.0,0.0,0.0,0.0,0.0,5.0
37474e4cb83e19f4332990a206bbae4929de4bc1,5.0,0.0,0.0,0.0,0.0,0.0,0.0,0.0,0.0,0.0,5.0
358facc3c7773c905e09ef1f1c1d6bd8df618d80,5.0,0.0,0.0,0.0,0.0,0.0,0.0,0.0,0.0,0.0,5.0
33b7cd724b9bffdd757c77b393b643e931f8e27f,4.0,1.0,0.0,0.0,0.0,0.0,0.0,0.0,0.0,0.0,5.0
2fb6956b067a67daa075c95613d51f2cb31f0864,5.0,0.0,0.0,0.0,0.0,0.0,0.0,0.0,0.0,0.0,5.0
2cb6a4b5e2144a06f7f9d7d90556b5e34fb31f3d,5.0,0.0,0.0,0.0,0.0,0.0,0.0,0.0,0.0,0.0,5.0
2a09038d79e22eeb8e2d3dc8436e992fe6380b99,5.0,0.0,0.0,0.0,0.0,0.0,0.0,0.0,0.0,0.0,5.0
2733799243004cfee71ce484a24fde7b027c72ef,5.0,0.0,0.0,0.0,0.0,0.0,0.0,0.0,0.0,0.0,5.0
1fbd29a658dcd6173e11808fd2523fa8e3b6cc63,5.0,0.0,0.0,0.0,0.0,0.0,0.0,0.0,0.0,0.0,5.0
0e9365b880cba0e7d2c16b4ca3743309881ab560,5.0,0.0,0.0,0.0,0.0,0.0,0.0,0.0,0.0,0.0,5.0
05a863d0b3bcde76301436daee2fe06a8a59054d,5.0,0.0,0.0,0.0,0.0,0.0,0.0,0.0,0.0,0.0,5.0
023603471e61840046d8b948d0b2f4c597875311,2.0,1.0,0.0,2.0,0.0,0.0,0.0,0.0,0.0,0.0,5.0
014c1a4045ff1e8c105d089e6573d02dd34c36f5,5.0,0.0,0.0,0.0,0.0,0.0,0.0,0.0,0.0,0.0,5.0
013093959eccc91159c1ffd8cc21195c13bd1a2d,5.0,0.0,0.0,0.0,0.0,0.0,0.0,0.0,0.0,0.0,5.0
f6ef2363cdd4a81a56aeb157ea88b488b30d3ddb,4.0,0.0,0.0,0.0,0.0,0.0,0.0,0.0,0.0,0.0,4.0
eb0c14c3dba56f447f64811bfc0ff933d1c1d25c,3.0,1.0,0.0,0.0,0.0,0.0,0.0,0.0,0.0,0.0,4.0
e53862af9072a59171903d467b983a0b5b664cde,4.0,0.0,0.0,0.0,0.0,0.0,0.0,0.0,0.0,0.0,4.0
e42765a2236e439036c37f577a4881ca9192002d,4.0,0.0,0.0,0.0,0.0,0.0,0.0,0.0,0.0,0.0,4.0
df6946fcce8d1c84d953543520e77cb28a7844e3,4.0,0.0,0.0,0.0,0.0,0.0,0.0,0.0,0.0,0.0,4.0
da838c66d26f54e100b6561d1ffd91bace0a3fc2,4.0,0.0,0.0,0.0,0.0,0.0,0.0,0.0,0.0,0.0,4.0
da495d8effcfbbbbfdab3eed9794109aa4af02f6,0.0,0.0,0.0,4.0,0.0,0.0,0.0,0.0,0.0,0.0,4.0
d8822514b76b232384d6d692ee4ad11f1092dcd6,4.0,0.0,0.0,0.0,0.0,0.0,0.0,0.0,0.0,0.0,4.0
cf1ac359d9394576c573c238cf9fa645733509e8,4.0,0.0,0.0,0.0,0.0,0.0,0.0,0.0,0.0,0.0,4.0
c74f1075e7cb4c8118cb61c1c815c91eb3f470e5,0.0,0.0,4.0,0.0,0.0,0.0,0.0,0.0,0.0,0.0,4.0
bae4a52ff5171a4ce33be3d69bebeb6ace7385bb,4.0,0.0,0.0,0.0,0.0,0.0,0.0,0.0,0.0,0.0,4.0
a59ff0b93e8f57c32652e326ae2d93d1784062e7,0.0,0.0,4.0,0.0,0.0,0.0,0.0,0.0,0.0,0.0,4.0
a4e180e1351f44178364e193b074d5cc1c9ae4e8,4.0,0.0,0.0,0.0,0.0,0.0,0.0,0.0,0.0,0.0,4.0
930e147b44e9b5426a05e0aeb6edfdc4258c39ed,4.0,0.0,0.0,0.0,0.0,0.0,0.0,0.0,0.0,0.0,4.0
8a562a1379c690d49ef149384a8219364b0d9fd2,4.0,0.0,0.0,0.0,0.0,0.0,0.0,0.0,0.0,0.0,4.0
87c8427089aba45921907a162f8887e0b8c543db,4.0,0.0,0.0,0.0,0.0,0.0,0.0,0.0,0.0,0.0,4.0
874cae3e7d132856b0a44280a7b81ec57e92c0c5,4.0,0.0,0.0,0.0,0.0,0.0,0.0,0.0,0.0,0.0,4.0
71a918f529919eb3dde71628448ff1eaf1151aef,4.0,0.0,0.0,0.0,0.0,0.0,0.0,0.0,0.0,0.0,4.0
6c66d917e50321efba49264651e6cc9832ce8089,3.0,1.0,0.0,0.0,0.0,0.0,0.0,0.0,0.0,0.0,4.0
5edd0561af3b877cb999a396692c9200ee8ed88d,3.0,1.0,0.0,0.0,0.0,0.0,0.0,0.0,0.0,0.0,4.0
5d371959610fd841385226d5f50a13f207584f37,4.0,0.0,0.0,0.0,0.0,0.0,0.0,0.0,0.0,0.0,4.0
45ee6f7c40e3e326f8c309258b0bfff4469e7a93,0.0,0.0,4.0,0.0,0.0,0.0,0.0,0.0,0.0,0.0,4.0
22ef6d02e3c995483f45aa0f2d7af22ade7334a1,4.0,0.0,0.0,0.0,0.0,0.0,0.0,0.0,0.0,0.0,4.0
1695623541023aa155f7482f12dc11efc3dea496,4.0,0.0,0.0,0.0,0.0,0.0,0.0,0.0,0.0,0.0,4.0
0ada6a94ce046463216af9583bb920ec5aac0828,4.0,0.0,0.0,0.0,0.0,0.0,0.0,0.0,0.0,0.0,4.0
dfe156fde57922c1177aca9d38ce358310d1c281,0.0,1.0,2.0,0.0,0.0,0.0,0.0,0.0,0.0,0.0,3.0
ba4bda22ad9839145eeda7d2f7516fe2c72b97f7,0.0,0.0,3.0,0.0,0.0,0.0,0.0,0.0,0.0,0.0,3.0
8288ba7e235dc23f33bba19a40d8d2a3de167f65,3.0,0.0,0.0,0.0,0.0,0.0,0.0,0.0,0.0,0.0,3.0
6c8aae01992b163a463c52df0c1f4073da291053,2.0,1.0,0.0,0.0,0.0,0.0,0.0,0.0,0.0,0.0,3.0
44ef85f0758b8d63a679007a5e3047e2d2dae6b5,3.0,0.0,0.0,0.0,0.0,0.0,0.0,0.0,0.0,0.0,3.0
2efb18dc807da834ed1ebffe1e3d766db2405755,3.0,0.0,0.0,0.0,0.0,0.0,0.0,0.0,0.0,0.0,3.0
e1afcd894eac4840b4899956fd04d192efad122d,2.0,0.0,0.0,0.0,0.0,0.0,0.0,0.0,0.0,0.0,2.0
e0d791e42609daa4f47ca6080896381fdb734a47,0.0,2.0,0.0,0.0,0.0,0.0,0.0,0.0,0.0,0.0,2.0
c848ba2c817ff95d67c7a33f3a4abca343a000d4,0.0,2.0,0.0,0.0,0.0,0.0,0.0,0.0,0.0,0.0,2.0
c4a2028b2cd3ae3c40642f48ad68706aeeb5f205,1.0,1.0,0.0,0.0,0.0,0.0,0.0,0.0,0.0,0.0,2.0
c0853e6a76441b2862d340548672d2e144a35af4,0.0,0.0,2.0,0.0,0.0,0.0,0.0,0.0,0.0,0.0,2.0
ac99d28153c21cbb4fb3d62f0f989eded9f57b15,0.0,2.0,0.0,0.0,0.0,0.0,0.0,0.0,0.0,0.0,2.0
aaeef5d8a115129994a2a4732165b3d7b82eb98d,0.0,2.0,0.0,0.0,0.0,0.0,0.0,0.0,0.0,0.0,2.0
9d70bf2f3596c4e15537cc53805a70f29c68c5d4,2.0,0.0,0.0,0.0,0.0,0.0,0.0,0.0,0.0,0.0,2.0
17c570537fd5a3b0ff3b30294a5e4411e981f43f,2.0,0.0,0.0,0.0,0.0,0.0,0.0,0.0,0.0,0.0,2.0
ee15b4e7266eefd86b6b18a8b63eac8225010e9e,0.0,1.0,0.0,0.0,0.0,0.0,0.0,0.0,0.0,0.0,1.0
bb380f945b2717b7b9503a1cb063913195e3e205,0.0,1.0,0.0,0.0,0.0,0.0,0.0,0.0,0.0,0.0,1.0
9605cef8390c3689c6af0669e379136060a1d8fb,0.0,1.0,0.0,0.0,0.0,0.0,0.0,0.0,0.0,0.0,1.0
537ce81fba20f8835d543d089ed8b9df8b96813c,0.0,1.0,0.0,0.0,0.0,0.0,0.0,0.0,0.0,0.0,1.0
508579387187ac4c7d6dca3f3fc543a7778e1d0c,0.0,1.0,0.0,0.0,0.0,0.0,0.0,0.0,0.0,0.0,1.0
4ada7e0af8b507803eb5f3dd26617c835dc69fc9,0.0,1.0,0.0,0.0,0.0,0.0,0.0,0.0,0.0,0.0,1.0
3d842f64d264b0f8258d37186b978d2ccd3a3ff7,0.0,1.0,0.0,0.0,0.0,0.0,0.0,0.0,0.0,0.0,1.0
2cb0c1325abb8550f21d20544e32e157c70bedb6,0.0,1.0,0.0,0.0,0.0,0.0,0.0,0.0,0.0,0.0,1.0
008274d6b33e0033c9ded1fdd98108bb509560d6,0.0,1.0,0.0,0.0,0.0,0.0,0.0,0.0,0.0,0.0,1.0
001af7958f17b97961ea90fd53eec78595b57b46,0.0,1.0,0.0,0.0,0.0,0.0,0.0,0.0,0.0,0.0,1.0
fc4080cabbee99ebd861427d01ed08433a0c660b,0.0,0.0,0.0,0.0,0.0,0.0,0.0,0.0,0.0,0.0,0.0
f83bb03c2b84d2ac2948402b0097ace58e04e07e,0.0,0.0,0.0,0.0,0.0,0.0,0.0,0.0,0.0,0.0,0.0
f3e75590774de37b6bc309a33dff1a5ab0c422c9,0.0,0.0,0.0,0.0,0.0,0.0,0.0,0.0,0.0,0.0,0.0
e65afda6fa35e351a2527dd27383ca4c8053f778,0.0,0.0,0.0,0.0,0.0,0.0,0.0,0.0,0.0,0.0,0.0
e18b620091caf23b77e33377b3392390d80b932b,0.0,0.0,0.0,0.0,0.0,0.0,0.0,0.0,0.0,0.0,0.0
d6048d36bde1a05222143099b2d2b3357f683b05,0.0,0.0,0.0,0.0,0.0,0.0,0.0,0.0,0.0,0.0,0.0
c7be490dd1c90f107a32f798223d38703871d0e5,0.0,0.0,0.0,0.0,0.0,0.0,0.0,0.0,0.0,0.0,0.0
c3fbdf9220a1889743ce5b8587ddad0c177e914a,0.0,0.0,0.0,0.0,0.0,0.0,0.0,0.0,0.0,0.0,0.0
a3d4bf460d4344c0929d4773d686690a0f2fa652,0.0,0.0,0.0,0.0,0.0,0.0,0.0,0.0,0.0,0.0,0.0
78ebd35c6b0f04bb29c214dbcf324e2867e17aa4,0.0,0.0,0.0,0.0,0.0,0.0,0.0,0.0,0.0,0.0,0.0
7242017735bd07c5b55d43c59c0e2dcd7ae8cc25,0.0,0.0,0.0,0.0,0.0,0.0,0.0,0.0,0.0,0.0,0.0
6d47009f5eae2df80f079a8a18aed4a6cfe8a4ae,0.0,0.0,0.0,0.0,0.0,0.0,0.0,0.0,0.0,0.0,0.0
5b9d7d11438e2fb0c8a317a4d52657336318d14f,0.0,0.0,0.0,0.0,0.0,0.0,0.0,0.0,0.0,0.0,0.0
423b1444391a5af1f3305e8d64cb46ba4b063e9d,0.0,0.0,0.0,0.0,0.0,0.0,0.0,0.0,0.0,0.0,0.0
3bfbb85aba731d2eca34ad42a852f177348b9a37,0.0,0.0,0.0,0.0,0.0,0.0,0.0,0.0,0.0,0.0,0.0
312b3971218e5005b167ba60be924500cc084f00,0.0,0.0,0.0,0.0,0.0,0.0,0.0,0.0,0.0,0.0,0.0
20abc9843cc348b25201a55fa9f10f9fbb115ff0,0.0,0.0,0.0,0.0,0.0,0.0,0.0,0.0,0.0,0.0,0.0
1b390cd54a0c0d4f27fa7adf23e3c45536e9f37c,0.0,0.0,0.0,0.0,0.0,0.0,0.0,0.0,0.0,0.0,0.0
17d80697bcc7a9f8cd9638dc9b5bda9f4f45a49d,0.0,0.0,0.0,0.0,0.0,0.0,0.0,0.0,0.0,0.0,0.0
05b6e3276343df432b02828c3ee4aca6edab0a23,0.0,0.0,0.0,0.0,0.0,0.0,0.0,0.0,0.0,0.0,0.0
